"id","country","sat_overall","sat_service","sat_selection"
8001,"US",3.32604689757746,3,2
8002,"US",3.23654539876266,3,3
8003,"US",4.64497938434284,4,4
8004,"US",1.78126349441863,2,1
8005,"US",3.07906968551128,3,2
8006,"US",5,4,3
8007,"US",2.5748368936915,2,2
8008,"US",3.4249297766053,3,2
8009,"US",4.05848785077548,4,4
8010,"US",3.25782738761277,3,3
8011,"US",3.21424976051615,2,2
8012,"US",2.38399863750168,3,1
8013,"US",3.24374364944855,3,2
8014,"US",3.52336706452227,3,2
8015,"US",4.14175066647362,4,3
8016,"US",2.98342780956914,3,2
8017,"US",2.88520933735876,3,1
8018,"US",3.05007970751801,3,2
8019,"US",2.85131142295628,3,2
8020,"US",3.2293630574476,3,2
8021,"US",5,5,4
8022,"US",3.59309401248221,4,3
8023,"US",3.77712418515684,3,3
8024,"US",3.33503374254511,3,2
8025,"US",2.7219463704377,2,2
8026,"US",3.41676833521027,3,2
8027,"US",4.53966816787064,5,4
8028,"US",3.64806028209462,4,3
8029,"US",2.37011569901347,2,1
8030,"US",3.75415219161485,3,3
8031,"US",5,5,3
8032,"US",4.74627148370376,4,3
8033,"US",2.51476448917606,2,0
8034,"US",2.13042391050176,2,2
8035,"US",3.04123183781356,3,2
8036,"US",2.94338575138665,3,1
8037,"US",3.71352379791562,3,3
8038,"US",2.22841167548971,2,1
8039,"US",2.79779437205165,3,2
8040,"US",3.68093125471897,3,3
8041,"US",2.90927506595684,3,2
8042,"US",4.29071567087836,4,3
8043,"US",2.54441016188582,3,2
8044,"US",2.27504473429487,2,1
8045,"US",3.54966740731927,3,2
8046,"US",4.00681102167446,4,3
8047,"US",3.76728730785717,4,3
8048,"US",2.97063053386347,3,2
8049,"US",2.64696167165329,2,2
8050,"US",4.70237453026869,5,5
8051,"US",3.18964811545017,2,3
8052,"US",3.11794796284681,3,2
8053,"US",2.52439560482739,3,2
8054,"US",2.00867595130573,1,1
8055,"US",3.33036203046219,3,1
8056,"US",2.54796628770884,2,2
8057,"US",3.96335863210361,4,3
8058,"US",4.60508557674884,4,4
8059,"US",2.60478450823056,2,2
8060,"US",3.67289392466124,3,3
8061,"US",2.93837693673639,2,2
8062,"US",3.2783442544198,3,2
8063,"US",2.72633324130089,2,3
8064,"US",3.41897262515294,3,2
8065,"US",5,5,4
8066,"US",3.70294865338214,3,3
8067,"US",3.06415341063829,3,1
8068,"US",1.99933575143833,2,2
8069,"US",3.87472530935054,4,2
8070,"US",3.02832791278118,3,2
8071,"US",2.16422011014449,2,0
8072,"US",3.71941803242383,3,2
8073,"US",2.83867802180509,2,2
8074,"US",3.06563804905695,3,2
8075,"US",2.90362184867864,3,3
8076,"US",3.86981765956869,4,3
8077,"US",4.05773951959771,3,2
8078,"US",3.78126808554327,3,2
8079,"US",2.76647328859537,2,1
8080,"US",2.99179362511992,3,2
8081,"US",4.52675405555177,5,4
8082,"US",2.16012259274201,2,1
8083,"US",1.84593847525532,1,1
8084,"US",3.3442815551431,3,3
8085,"US",3.65378325709165,4,2
8086,"US",2.86496535374889,2,1
8087,"US",2.78375438083942,2,1
8088,"US",2.70360416865148,3,2
8089,"US",4.07563182983232,3,3
8090,"US",4.91914453964304,4,4
8091,"US",4.16013896298955,3,3
8092,"US",2.7472659690258,2,1
8093,"US",2.48332627949328,2,1
8094,"US",4.33101374629404,4,3
8095,"US",3.05323670087888,2,1
8096,"US",4.51434765293417,5,4
8097,"US",4.12134224864301,4,4
8098,"US",3.21659254337388,3,3
8099,"US",3.74526880063099,3,2
8100,"US",3.62692477118044,3,3
8101,"US",2.63240220912207,2,0
8102,"US",2.8150090061485,2,2
8103,"US",3.34205387077454,3,2
8104,"US",2.6517431759516,3,2
8105,"US",4.626048327552,4,2
8106,"US",3.93921889146308,4,2
8107,"US",3.28722163297638,3,2
8108,"US",1.39714548756903,0,0
8109,"US",1.71405831633032,2,1
8110,"US",2.47485218686766,2,1
8111,"US",3.02669775445838,3,3
8112,"US",2.7269762753933,2,1
8113,"US",4.34543392648427,4,4
8114,"US",4.41534654478813,4,3
8115,"US",3.58948490677824,3,3
8116,"US",4.38431772011061,4,4
8117,"US",3.82835923303313,3,2
8118,"US",2.69971452629377,2,0
8119,"US",3.36293734960194,3,2
8120,"US",1.99836721815101,2,1
8121,"US",2.2862709977547,1,2
8122,"US",4.3830646341822,4,4
8123,"US",2.24531847875708,2,1
8124,"US",4.5652067949346,4,4
8125,"US",4.19579800494992,4,3
8126,"US",2.93884372532574,2,2
8127,"US",1.55824383422151,1,1
8128,"US",3.04471902782367,3,2
8129,"US",2.57525630544682,2,2
8130,"US",3.19613678430767,3,3
8131,"US",4.29685173597132,4,3
8132,"US",2.71916245301983,2,1
8133,"US",2.97996999932729,3,2
8134,"US",3.17691463576108,3,3
8135,"US",2.20689350138014,2,1
8136,"US",2.56845023612236,2,2
8137,"US",2.93677418151586,3,2
8138,"US",4.23255910936785,4,3
8139,"US",3.4641587972013,3,2
8140,"US",3.42279837166132,3,3
8141,"US",3.637613359998,4,1
8142,"US",2.57399509478029,2,1
8143,"US",3.79437724512415,4,2
8144,"US",4.4845052508365,4,5
8145,"US",2.31970106454534,2,3
8146,"US",1.89228995316646,1,1
8147,"US",3.89487532868953,3,2
8148,"US",3.66692549837412,3,2
8149,"US",3.27991396428876,3,3
8150,"US",3.2518985312817,3,2
8151,"US",2.04033054725551,2,0
8152,"US",3.38462148447616,3,3
8153,"US",3.25136058316991,3,2
8154,"US",3.52281030217383,3,2
8155,"US",4.32713855488741,4,4
8156,"US",2.91438614013202,2,2
8157,"US",3.3769676967573,4,2
8158,"US",4.04689245165151,3,3
8159,"US",3.14395890286971,3,2
8160,"US",3.17722095413017,2,2
8161,"US",3.47824661555372,3,2
8162,"US",4.01713688655874,4,2
8163,"US",2.34306273447491,3,2
8164,"US",3.69736870200053,4,1
8165,"US",3.60471085133617,3,3
8166,"US",2.20627493561845,1,2
8167,"US",3.52531785072568,3,3
8168,"US",1.42824575987832,1,0
8169,"US",3.67296606592447,3,3
8170,"US",4.18755253485282,4,3
8171,"US",3.61142390083494,3,2
8172,"US",4.01993910538752,4,3
8173,"US",3.43363066312344,3,3
8174,"US",3.52517742476522,3,2
8175,"US",3.85882706290445,4,3
8176,"US",3.93164481919555,4,2
8177,"US",2.34297746104236,3,1
8178,"US",2.73871924749123,2,1
8179,"US",3.71638340461668,3,2
8180,"US",3.94942384822104,4,3
8181,"US",1.84861109560446,1,1
8182,"US",2.67511053559445,2,1
8183,"US",2.64520429432214,3,1
8184,"US",3.75645848815128,3,3
8185,"US",2.57631435653045,2,1
8186,"US",2.97259619758329,3,2
8187,"US",2.97690607480949,3,2
8188,"US",1.9361657372829,2,0
8189,"US",2.68297375353934,2,2
8190,"US",3.79767427924014,4,2
8191,"US",3.87359313079621,4,2
8192,"US",2.61105047202784,2,2
8193,"US",3.25359033839553,3,2
8194,"US",3.48272888307388,4,2
8195,"US",4.45670099324118,4,3
8196,"US",3.77240030599086,3,3
8197,"US",3.70028539955615,3,2
8198,"US",3.6053042588533,4,2
8199,"US",3.45655331500208,3,2
8200,"US",3.7801272704615,4,2
8201,"US",2.68480259591019,2,2
8202,"US",1.89405466841397,1,1
8203,"US",3.61404678847351,3,3
8204,"US",2.84281837890786,3,2
8205,"US",2.81044673832936,3,1
8206,"US",3.777754192496,4,4
8207,"US",2.19605783214329,2,1
8208,"US",4.24439840258604,5,4
8209,"US",2.30335236264454,2,1
8210,"US",3.03259274836484,3,2
8211,"US",4.15360526716311,4,3
8212,"US",3.10853002113975,3,4
8213,"US",2.70869620208033,2,2
8214,"US",1.93457565347389,2,0
8215,"US",3.29059284594522,3,2
8216,"US",4.26677475989238,4,4
8217,"US",4.04353433509108,4,4
8218,"US",2.17825191579936,2,1
8219,"US",3.06599825618396,2,2
8220,"US",2.90793544657042,3,2
8221,"US",1.63248499536465,1,0
8222,"US",3.19919719937583,3,2
8223,"US",3.60138994100946,4,1
8224,"US",3.40885805036492,3,2
8225,"US",3.56714998985144,3,3
8226,"US",4.36308251741429,4,4
8227,"US",3.58417193691161,3,3
8228,"US",3.2769618017915,3,2
8229,"US",3.54617245884603,4,2
8230,"US",1.78720075381075,1,0
8231,"US",3.08383907760707,3,1
8232,"US",2.85422221611676,3,1
8233,"US",4.46539109152678,5,3
8234,"US",2.88857309117654,3,1
8235,"US",2.88851736485461,3,1
8236,"US",1.66491867129026,2,2
8237,"US",3.35110339346931,3,2
8238,"US",2.85524938251737,2,2
8239,"US",4.55545349494208,4,3
8240,"US",2.44646825347872,2,1
8241,"US",3.5269222186959,3,3
8242,"US",3.20319285580087,4,2
8243,"US",3.36011922884133,3,2
8244,"US",3.76450567368576,4,3
8245,"US",3.68524224418879,4,3
8246,"US",4.31910740217687,3,5
8247,"US",4.82627813042632,4,4
8248,"US",3.61208503852061,3,2
8249,"US",4.69571712526713,5,5
8250,"US",3.15163358724783,2,2
8251,"US",2.81771402390015,2,2
8252,"US",2.0656116741361,1,1
8253,"US",3.18758339415356,2,3
8254,"US",3.47947966736047,3,2
8255,"US",2.47181539198031,3,1
8256,"US",3.76474438652047,3,3
8257,"US",2.72210888127713,3,2
8258,"US",3.27288360218901,4,2
8259,"US",2.81893759588512,2,3
8260,"US",3.30164016990866,2,2
8261,"US",2.61734398173275,3,1
8262,"US",1.87052110893158,1,2
8263,"US",2.53760441493772,2,0
8264,"US",3.63410410744355,3,2
8265,"US",3.75886533095964,4,2
8266,"US",2.64055819277151,2,2
8267,"US",4.8143641233909,4,3
8268,"US",3.60500297090571,3,3
8269,"US",2.71935580067505,2,1
8270,"US",3.35754445801896,3,3
8271,"US",2.86040522028579,3,1
8272,"US",4.36147366210939,4,3
8273,"US",4.08376081519634,3,3
8274,"US",2.77698366480959,3,1
8275,"US",3.06929451898805,3,1
8276,"US",3.14112756611696,3,2
8277,"US",4.22997903503702,4,3
8278,"US",4.60577368056565,4,4
8279,"US",4.33311836442548,4,4
8280,"US",4.76743481126068,5,3
8281,"US",4.42886214676676,3,3
8282,"US",2.93903775662762,2,3
8283,"US",2.10788979618738,2,2
8284,"US",4.45149255215517,4,4
8285,"US",4.18409258071317,4,2
8286,"US",3.64791424733777,3,3
8287,"US",2.82153697146624,3,2
8288,"US",3.8356875335382,4,3
8289,"US",3.35541439546184,3,3
8290,"US",3.83688193851348,4,2
8291,"US",3.10782311295989,3,1
8292,"US",2.90063672494253,2,3
8293,"US",3.5188270427228,4,3
8294,"US",3.65010466075345,3,3
8295,"US",2.23309746461132,2,3
8296,"US",3.07923905060025,2,3
8297,"US",3.39272880582528,3,1
8298,"US",2.60635691717669,3,2
8299,"US",4.53018577229166,4,4
8300,"US",2.43792755372853,3,1
8301,"US",2.60879015405441,3,1
8302,"US",3.81062209784105,4,3
8303,"US",4.17367134621392,4,3
8304,"US",3.50210225935488,3,3
8305,"US",2.69735665622047,2,1
8306,"US",4.02296608230524,4,4
8307,"US",3.80189539574988,3,2
8308,"US",3.58072162258406,3,3
8309,"US",4.15771613555973,4,3
8310,"US",4.09682178810907,3,3
8311,"US",2.93849563054794,3,1
8312,"US",1.86498217609546,2,2
8313,"US",3.18314832054074,2,2
8314,"US",3.35276283190163,3,2
8315,"US",3.01507774635205,2,2
8316,"US",2.42441775834556,3,1
8317,"US",3.83346432846634,3,3
8318,"US",2.97401129175789,3,2
8319,"US",4.36030087612273,4,3
8320,"US",3.89026681130082,4,3
8321,"US",3.79276349937988,3,2
8322,"US",3.63135412146898,3,2
8323,"US",5,5,4
8324,"US",3.02917341050584,3,2
8325,"US",3.35900297255581,2,2
8326,"US",4.19258929703583,4,3
8327,"US",3.12059432225128,3,1
8328,"US",2.64525193071186,2,3
8329,"US",3.00513856976163,2,2
8330,"US",2.80661099888186,3,1
8331,"US",4.28125914916554,4,4
8332,"US",3.16861590891109,3,1
8333,"US",3.51823464282953,4,3
8334,"US",3.11526196430765,2,2
8335,"US",3.88407658625913,4,3
8336,"US",2.28606870569506,2,1
8337,"US",2.86428488784679,2,1
8338,"US",3.58806856736592,3,2
8339,"US",2.94837368709404,3,2
8340,"US",2.93706195700011,3,2
8341,"US",3.61707577799418,3,3
8342,"US",3.5709745760517,3,3
8343,"US",3.8951026883714,3,3
8344,"US",4.31437956494903,4,3
8345,"US",2.70057734671178,3,1
8346,"US",4.07979439895348,4,3
8347,"US",5,5,3
8348,"US",3.07237487595825,3,3
8349,"US",3.04048850263448,2,2
8350,"US",3.10612865504631,3,2
8351,"US",3.10198580370698,2,2
8352,"US",1.84390639767861,2,0
8353,"US",2.83614379182399,2,2
8354,"US",4.14548341044778,4,3
8355,"US",3.13305105079855,3,1
8356,"US",3.61450792412729,4,2
8357,"US",2.90295485607298,2,2
8358,"US",4.08609891836415,4,3
8359,"US",3.13193760942606,3,2
8360,"US",2.73451581246439,2,2
8361,"US",2.85490426582115,3,3
8362,"US",3.15103465888396,3,2
8363,"US",3.74847070048452,3,4
8364,"US",3.62764405140405,3,4
8365,"US",3.58272463431721,3,3
8366,"US",2.36696863346559,2,2
8367,"US",1.87734684695995,2,0
8368,"US",3.22002089796905,3,2
8369,"US",2.43915305265684,2,1
8370,"US",3.62863640679175,3,3
8371,"US",3.83409371085751,4,3
8372,"US",3.94091692219419,4,4
8373,"US",3.04798618260581,3,1
8374,"US",3.1026394977578,2,1
8375,"US",2.45458114057608,3,0
8376,"US",2.63297909627613,3,1
8377,"US",2.5772764686252,2,2
8378,"US",4.13292839494236,4,3
8379,"US",4.55928810965632,5,3
8380,"US",2.85710357357651,3,2
8381,"US",4.46507864178435,5,4
8382,"US",2.09546805209033,1,2
8383,"US",1.98532501924933,2,1
8384,"US",5,5,2
8385,"US",3.52678553733941,3,4
8386,"US",4.03234578372481,4,3
8387,"US",4.45924149360567,4,4
8388,"US",3.01570498640306,3,2
8389,"US",5,5,5
8390,"US",4.35840890155468,4,3
8391,"US",4.0699476295052,4,3
8392,"US",3.63333871415011,4,3
8393,"US",3.1535224175872,3,3
8394,"US",2.38059702864329,1,0
8395,"US",3.64683827317207,3,2
8396,"US",2.94007814715694,2,2
8397,"US",3.8543355598389,3,2
8398,"US",3.01686696104094,2,2
8399,"US",3.31338635618532,3,3
8400,"US",4.03980856797278,3,4
8401,"US",4.60156748947761,4,5
8402,"US",3.56984251589465,3,2
8403,"US",3.36296307868654,3,3
8404,"US",2.70588994572663,2,2
8405,"US",5,5,4
8406,"US",3.40259425190889,3,2
8407,"US",3.38068874856107,3,2
8408,"US",2.25603054097281,2,2
8409,"US",2.21291764224311,1,2
8410,"US",1.79046591162276,1,1
8411,"US",2.72578301192986,3,2
8412,"US",3.97790133975114,3,3
8413,"US",2.47594346112973,2,2
8414,"US",3.23246432077644,2,1
8415,"US",2.68757500816197,2,2
8416,"US",2.8071466061813,2,3
8417,"US",3.89125918123771,3,3
8418,"US",3.37072853258834,3,3
8419,"US",3.41762769807428,4,2
8420,"US",2.86602037222146,3,3
8421,"US",3.77352799922394,3,2
8422,"US",3.66643143078781,3,3
8423,"US",3.90495285640091,3,3
8424,"US",2.23327390386081,2,2
8425,"US",1.98004919608486,2,1
8426,"US",1.64893443112746,1,0
8427,"US",2.92071887966179,3,2
8428,"US",4.8031917484185,5,5
8429,"US",2.87791358460903,3,3
8430,"US",4.15023852260109,3,2
8431,"US",2.95787619879944,3,3
8432,"US",3.57652875216941,3,2
8433,"US",4.21653726630921,4,3
8434,"US",3.51700372486719,3,2
8435,"US",2.69518507451381,2,2
8436,"US",2.3874579925227,3,2
8437,"US",4.00525555278134,4,3
8438,"US",4.8025756023268,4,3
8439,"US",2.82228778061673,3,3
8440,"US",2.90108061011505,3,2
8441,"US",2.69283878366191,2,1
8442,"US",3.84688632851185,3,3
8443,"US",2.59549400421505,2,1
8444,"US",3.14377681528595,3,2
8445,"US",3.96971087377746,4,3
8446,"US",3.65286145196071,3,2
8447,"US",3.57880878404327,2,2
8448,"US",4.87829322096718,4,4
8449,"US",3.44346335278273,3,3
8450,"US",2.83741434345246,3,2
8451,"US",4.12236900308051,4,3
8452,"US",3.83516763414685,4,2
8453,"US",4.8451359173367,4,2
8454,"US",4.66486235742601,5,3
8455,"US",3.44837985953251,3,2
8456,"US",3.55925556216076,3,3
8457,"US",2.82060778057477,2,2
8458,"US",2.80521084864115,2,1
8459,"US",3.20360663506269,3,3
8460,"US",4.11349524502367,3,3
8461,"US",2.75827151136745,2,3
8462,"US",4.44418401248661,4,3
8463,"US",2.65683802119303,3,3
8464,"US",3.30426552254107,4,1
8465,"US",3.00903434600288,3,2
8466,"US",2.36212760707,3,1
8467,"US",1.79582150810706,1,1
8468,"US",3.01041826440101,3,1
8469,"US",3.68147345616786,3,2
8470,"US",2.19082561092279,2,2
8471,"US",3.33306472111116,4,2
8472,"US",3.06039649114344,3,3
8473,"US",3.26845594615532,3,3
8474,"US",3.99203216175393,3,4
8475,"US",3.09198015991303,3,3
8476,"US",2.75492868193275,3,2
8477,"US",3.36952118918508,3,2
8478,"US",3.83522194362685,4,3
8479,"US",2.59375628713419,2,2
8480,"US",1.72465302974604,2,1
8481,"US",3.61283425664863,3,3
8482,"US",3.77861959177153,3,3
8483,"US",3.58712962803284,3,3
8484,"US",2.56386501145198,3,1
8485,"US",3.24132283267079,3,3
8486,"US",3.76468915692096,4,3
8487,"US",4.77064572364047,4,4
8488,"US",2.94350915992914,2,3
8489,"US",2.54889176838599,2,0
8490,"US",2.67285571819933,3,1
8491,"US",3.56648829926652,3,1
8492,"US",2.3970464643507,3,2
8493,"US",2.63543198983051,3,2
8494,"US",2.37481489113263,1,1
8495,"US",3.92710312366184,4,3
8496,"US",3.90793024050856,4,4
8497,"US",3.5717419585346,3,3
8498,"US",2.18955314259128,2,1
8499,"US",3.03228092528915,3,2
8500,"US",1.59091833745539,1,1
8501,"US",1.83686848671321,1,1
8502,"US",1.27124448927459,1,0
8503,"US",2.56879106972998,2,2
8504,"US",3.09537153016708,2,1
8505,"US",3.39273842460476,3,2
8506,"US",4.9159000769698,4,4
8507,"US",3.84062651101457,4,3
8508,"US",2.1315106390956,3,2
8509,"US",2.99012863369221,2,2
8510,"US",4.38289053060201,4,4
8511,"US",5,5,5
8512,"US",3.29406194595024,3,2
8513,"US",4.18447535164209,4,4
8514,"US",4.10948485368554,4,3
8515,"US",4.93894802968947,5,5
8516,"US",2.60479373241275,3,1
8517,"US",3.9181300710128,3,2
8518,"US",3.45311568961971,3,3
8519,"US",3.58490681301362,3,2
8520,"US",1.88268568674691,1,1
8521,"US",2.04457105600174,2,0
8522,"US",4.18155147096967,4,3
8523,"US",3.7504268285837,3,3
8524,"US",3.67542187268511,3,2
8525,"US",4.84447101171341,4,4
8526,"US",2.92473580184424,3,3
8527,"US",2.17458552295235,2,1
8528,"US",2.8453897773876,3,2
8529,"US",1.8581498971587,1,0
8530,"US",2.53138325172816,2,2
8531,"US",3.22249823441995,3,3
8532,"US",2.74532421664678,2,1
8533,"US",2.82626397910692,2,2
8534,"US",3.2527113282803,4,2
8535,"US",1.90796641782679,1,1
8536,"US",3.05182002559221,3,2
8537,"US",4.56393773184981,4,4
8538,"US",3.51002606069649,3,3
8539,"US",3.31269646724214,3,3
8540,"US",2.32065887218374,2,0
8541,"US",2.26105881180198,2,1
8542,"US",4.62698972185009,4,4
8543,"US",3.66049073591,4,2
8544,"US",3.69430423519857,3,3
8545,"US",2.78164826207357,3,2
8546,"US",3.45263360158712,2,1
8547,"US",2.75722631097763,2,3
8548,"US",3.58154754487387,3,2
8549,"US",2.46585824289714,2,1
8550,"US",3.08894059853161,3,3
8551,"US",2.84568817591397,3,2
8552,"US",1,1,0
8553,"US",1.97359357295356,2,1
8554,"US",2.53967803573076,2,2
8555,"US",2.25608538400983,2,1
8556,"US",2.49549541057536,2,1
8557,"US",3.21697722798111,3,2
8558,"US",4.67028787130476,5,4
8559,"US",4.24953772741503,4,3
8560,"US",3.13400236712887,3,2
8561,"US",2.6734875066455,3,2
8562,"US",3.54326008284259,3,2
8563,"US",4.01345203728556,4,4
8564,"US",3.24905042700252,3,2
8565,"US",2.82876317884255,3,2
8566,"US",4.19731570976075,4,3
8567,"US",4.03512346453367,4,3
8568,"US",3.64582557214674,3,3
8569,"US",4.3232600478916,4,3
8570,"US",2.85283000327939,3,2
8571,"US",3.35517418895591,4,2
8572,"US",4.44777351570933,4,3
8573,"US",3.81289028153769,3,3
8574,"US",3.71303260541861,3,4
8575,"US",2.39021160215099,2,1
8576,"US",1.8958537294399,1,2
8577,"US",3.69589191191971,3,2
8578,"US",3.18325998598624,2,3
8579,"US",4.09431837817083,4,4
8580,"US",3.25617174784988,3,2
8581,"US",3.22785138702937,3,2
8582,"US",3.27564742650183,3,3
8583,"US",4.39105051681047,3,4
8584,"US",4.0292055510336,4,4
8585,"US",1.97034193440374,2,1
8586,"US",5,5,4
8587,"US",2.06349689524096,1,0
8588,"US",2.65106850218007,2,2
8589,"US",2.21595538116018,2,1
8590,"US",3.05226571537986,2,1
8591,"US",2.69467468663272,3,2
8592,"US",2.17379593243335,2,2
8593,"US",3.33063301979896,3,2
8594,"US",4.424571398236,4,2
8595,"US",3.88022822801572,4,3
8596,"US",3.29558704806217,3,1
8597,"US",3.31779500087293,3,2
8598,"US",4.55972331026753,4,4
8599,"US",2.4318706394521,2,1
8600,"US",3.69637847873636,4,2
8601,"US",4.25948316680891,4,3
8602,"US",2.45324227772828,3,1
8603,"US",2.87813396534849,2,2
8604,"US",5,5,4
8605,"US",3.07202433369256,3,3
8606,"US",3.40249635171676,3,3
8607,"US",3.70274293511145,3,3
8608,"US",4.08037730313493,4,2
8609,"US",2.09353991251006,2,1
8610,"US",3.62304783427158,3,2
8611,"US",4.27098931061752,4,2
8612,"US",3.41450852367129,4,3
8613,"US",2.8392723444596,2,1
8614,"US",2.95810747650906,2,2
8615,"US",3.87715542101221,4,3
8616,"US",2.81821344106403,3,2
8617,"US",3.60198642411336,3,3
8618,"US",3.8077806558069,3,2
8619,"US",3.43790096601968,3,2
8620,"US",3.57249660927555,3,2
8621,"US",1.76383059620167,1,0
8622,"US",4.56893481978645,5,3
8623,"US",3.41938448613069,3,2
8624,"US",2.52469176917716,2,1
8625,"US",5,5,4
8626,"US",1.12450262074438,1,1
8627,"US",3.83634643497954,4,3
8628,"US",4.94027265967757,4,4
8629,"US",4.11520099000225,3,3
8630,"US",2.92233315865205,3,1
8631,"US",3.70807492638992,3,2
8632,"US",3.44502417745573,3,3
8633,"US",2.4828236141937,2,0
8634,"US",3.38267735329928,4,2
8635,"US",2.627564312837,2,1
8636,"US",1.72325156058516,2,1
8637,"US",2.46474053559268,2,1
8638,"US",3.237280216398,3,1
8639,"US",2.10026201165131,2,2
8640,"US",3.78283367606204,4,3
8641,"US",1.94262726346461,1,1
8642,"US",4.09154897792224,4,4
8643,"US",3.33593552958221,3,3
8644,"US",1.94723874799534,2,1
8645,"US",3.60328162342044,3,3
8646,"US",4.56117420357795,4,3
8647,"US",3.02760157159768,3,2
8648,"US",2.79876830756912,3,2
8649,"US",3.97858798836639,4,3
8650,"US",3.47166429794684,3,3
8651,"US",4.52435267722008,4,3
8652,"US",3.7757978386032,4,4
8653,"US",3.51845800659474,3,2
8654,"US",2.67189864480277,2,3
8655,"US",4.00502979133622,4,3
8656,"US",3.15607694159028,3,4
8657,"US",2.07803081570037,2,1
8658,"US",3.92190157072793,4,4
8659,"US",3.46017263303896,3,2
8660,"US",2.72966031460965,3,2
8661,"US",2.64889879408812,2,2
8662,"US",3.63538968536909,3,3
8663,"US",1.89281610358748,1,1
8664,"US",3.91322513939148,3,3
8665,"US",3.94688196423192,4,2
8666,"US",2.74425104940538,2,2
8667,"US",3.04137700585179,2,2
8668,"US",5,5,4
8669,"US",3.29695989880251,3,3
8670,"US",4.1629678987984,4,3
8671,"US",3.1255509098225,3,3
8672,"US",4.01774030404557,4,3
8673,"US",3.20201535324508,3,3
8674,"US",3.2390842472801,3,1
8675,"US",3.01193536032741,3,2
8676,"US",3.049142272497,3,3
8677,"US",3.53496045908959,3,3
8678,"US",3.29691042419898,3,2
8679,"US",3.97619452835643,4,4
8680,"US",3.47231482179575,4,3
8681,"US",3.83194422273913,4,3
8682,"US",2.65998079475021,2,2
8683,"US",3.35194201848767,3,2
8684,"US",2.62662188308789,2,2
8685,"US",4.45234787725957,4,3
8686,"US",4.20890291131819,5,3
8687,"US",2.98616974192868,3,2
8688,"US",2.96765175676573,3,3
8689,"US",1.72836876934362,1,1
8690,"US",4.06419052794395,4,2
8691,"US",1.98637091629464,1,1
8692,"US",2.55924264944397,2,4
8693,"US",4.96687164800031,5,4
8694,"US",3.92701474980637,4,3
8695,"US",4.51299926671767,4,5
8696,"US",3.95380393210047,4,3
8697,"US",3.4186268337727,2,3
8698,"US",4.55479578951594,4,3
8699,"US",4.07964538693096,4,3
8700,"US",4.85709195746993,4,3
8701,"US",2.85374383191863,3,2
8702,"US",3.50467479188249,3,3
8703,"US",3.43934145882212,3,3
8704,"US",3.26122756788748,3,3
8705,"US",4.5887632589634,4,3
8706,"US",3.23184638948677,4,3
8707,"US",3.41231803971628,4,3
8708,"US",3.45126314077159,3,2
8709,"US",2.43239918089285,2,2
8710,"US",4.37935995145563,3,3
8711,"US",3.08240635814337,3,2
8712,"US",3.22836843150322,3,2
8713,"US",2.55692323607731,3,1
8714,"US",5,5,4
8715,"US",3.51445667062265,4,2
8716,"US",4.12729848746369,3,3
8717,"US",3.45709001555572,3,2
8718,"US",3.09486627469328,4,2
8719,"US",3.89013085825615,4,4
8720,"US",3.03685010403307,3,2
8721,"US",3.06372992067598,4,4
8722,"US",2.5031998650973,2,2
8723,"US",4.49593050553427,5,2
8724,"US",2.96274941698541,2,1
8725,"US",3.35478403157352,2,3
8726,"US",3.16778983728636,3,2
8727,"US",2.88401205104415,3,1
8728,"US",3.34795985124549,3,1
8729,"US",3.06659731630573,3,1
8730,"US",2.70042116306576,2,3
8731,"US",3.38862322331709,4,2
8732,"US",2.86318955385044,2,1
8733,"US",2.24083004381624,1,2
8734,"US",4.36662938250238,3,3
8735,"US",3.10111666241906,3,1
8736,"US",3.47686655175432,4,2
8737,"US",3.1588204953452,2,2
8738,"US",3.48379955240592,4,3
8739,"US",3.85917560862888,4,4
8740,"US",2.86442910630057,2,2
8741,"US",4.92473535393002,4,3
8742,"US",4.48895357668343,5,3
8743,"US",2.58893384915023,2,1
8744,"US",3.76358061806969,4,3
8745,"US",4.17319337947319,3,3
8746,"US",3.6754177235999,4,3
8747,"US",2.34103179226713,2,0
8748,"US",4.65586341966352,5,3
8749,"US",3.01759718640845,3,2
8750,"US",2.71890172415933,3,2
8751,"CA",2.25474015319465,2,2
8752,"CA",2.58578174862116,3,2
8753,"CA",3.80358669896734,4,3
8754,"CA",2.66084426497162,4,2
8755,"CA",2.61821150783818,3,1
8756,"CA",3.09163178985206,3,3
8757,"CA",2.65433938599538,3,3
8758,"CA",3.92799224389561,3,3
8759,"CA",3.51445121269863,4,3
8760,"CA",3.35283550658249,3,1
8761,"CA",2.81470910304443,2,3
8762,"CA",4.56704504158353,4,3
8763,"CA",4.12249736015757,5,3
8764,"CA",2.48671931428577,3,1
8765,"CA",2.51963520204331,3,2
8766,"CA",2.38412906128682,2,1
8767,"CA",3.38760665891959,3,3
8768,"CA",3.75383882261552,3,2
8769,"CA",3.8683206742859,4,2
8770,"CA",3.48444846504192,4,2
8771,"CA",4.49638865205523,4,4
8772,"CA",1.82163640609655,1,1
8773,"CA",3.66264408584804,3,4
8774,"CA",3.01577525713087,3,2
8775,"CA",3.17615213157317,3,3
8776,"CA",3.57018485453293,4,3
8777,"CA",3.29080424515231,4,3
8778,"CA",2.6308952704023,3,2
8779,"CA",2.48890081625776,3,2
8780,"CA",2.60461066623388,3,0
8781,"CA",4.1173947676064,4,5
8782,"CA",3.07837944590365,2,3
8783,"CA",2.94761418245244,3,3
8784,"CA",3.64694448323422,4,3
8785,"CA",2.56798231744737,3,1
8786,"CA",4.27562578596947,4,3
8787,"CA",3.28483086999044,4,3
8788,"CA",2.103076423881,2,1
8789,"CA",1.91934923576311,1,1
8790,"CA",2.18405714524861,2,1
8791,"CA",3.51489503537707,3,3
8792,"CA",2.87609665661646,3,2
8793,"CA",3.96436876492713,4,3
8794,"CA",3.92526629929595,4,3
8795,"CA",3.4104907107561,3,2
8796,"CA",4.23797536337275,4,3
8797,"CA",3.28953811910133,3,3
8798,"CA",5,5,5
8799,"CA",3.21546657435557,3,2
8800,"CA",3.48978800612456,4,3
8801,"CA",2.32302087548211,2,1
8802,"CA",4.44965595552993,4,4
8803,"CA",3.90299918603339,4,4
8804,"CA",2.29543209945247,2,2
8805,"CA",3.55293323551339,4,3
8806,"CA",3.56355488566125,4,4
8807,"CA",3.02605348972933,3,3
8808,"CA",2.22095683766452,2,2
8809,"CA",2.54571183865487,3,2
8810,"CA",3.79672989380592,4,3
8811,"CA",4.20161460618813,4,3
8812,"CA",2.94209138409218,4,2
8813,"CA",3.0646607305491,3,2
8814,"CA",3.7550312776864,3,4
8815,"CA",1.79985549254476,1,1
8816,"CA",4.02951969530977,4,3
8817,"CA",3.99103282316243,4,2
8818,"CA",4.13308713059984,4,2
8819,"CA",2.85206702457261,3,3
8820,"CA",5,5,4
8821,"CA",2.83532467210496,3,2
8822,"CA",3.81448047290335,3,3
8823,"CA",2.27150216757582,2,2
8824,"CA",2.97026599697148,3,2
8825,"CA",3.6281782694898,4,3
8826,"CA",3.91852571155908,4,3
8827,"CA",2.08943401908576,2,2
8828,"CA",4.86837824939044,4,4
8829,"CA",2.89091003119835,3,2
8830,"CA",4.14661206351554,5,3
8831,"CA",4.90772346344081,5,5
8832,"CA",3.04757760436109,4,2
8833,"CA",4.95180717058479,5,4
8834,"CA",4.6235757343081,5,4
8835,"CA",2.96074154430631,3,2
8836,"CA",2.27383312153089,2,1
8837,"CA",2.76356309598375,2,2
8838,"CA",2.43519660565426,2,2
8839,"CA",3.04902096771817,3,3
8840,"CA",3.71474086162611,3,4
8841,"CA",2.90674616707667,2,1
8842,"CA",3.12616287085734,3,3
8843,"CA",2.75885650100202,2,2
8844,"CA",3.8703756820913,4,3
8845,"CA",3.3454987807627,3,1
8846,"CA",2.44237785352369,3,2
8847,"CA",4.11943531088627,4,5
8848,"CA",3.84056879211696,4,3
8849,"CA",4.02977194707446,3,4
8850,"CA",2.69350938799934,3,3
8851,"CA",2.68494577207396,3,2
8852,"CA",2.97195606367511,3,3
8853,"CA",3.67934352649305,4,3
8854,"CA",4.24294088580573,4,4
8855,"CA",2.90044320932581,3,2
8856,"CA",3.51006818542089,3,3
8857,"CA",3.2574344265345,4,3
8858,"CA",2.12313602433106,2,1
8859,"CA",3.08601943530865,3,3
8860,"CA",3.45080918788173,3,3
8861,"CA",2.81737479636347,3,2
8862,"CA",2.06471300769732,2,2
8863,"CA",2.76225879302386,3,2
8864,"CA",3.81337208619076,4,3
8865,"CA",4.19654314121911,4,3
8866,"CA",2.821837797843,3,2
8867,"CA",2.04924734535544,2,1
8868,"CA",2.55070943971144,2,1
8869,"CA",3.35465576122109,3,3
8870,"CA",4.13603942771199,4,4
8871,"CA",3.74307401870095,3,3
8872,"CA",3.27602142444962,3,2
8873,"CA",2.29780635980988,3,2
8874,"CA",2.07491526314913,2,1
8875,"CA",3.92642334122102,3,2
8876,"CA",2.11449969138856,2,1
8877,"CA",2.79739922051737,3,3
8878,"CA",3.8334736784423,4,2
8879,"CA",2.70055288828988,4,2
8880,"CA",3.80207499148844,3,3
8881,"CA",4.67924369782665,4,4
8882,"CA",2.9943228875736,3,2
8883,"CA",3.93866326803867,3,4
8884,"CA",3.68131827698882,3,3
8885,"CA",3.29416897371507,4,3
8886,"CA",4.94889311628304,5,4
8887,"CA",2.20591495769846,2,1
8888,"CA",2.4849614219569,2,1
8889,"CA",3.40169371716554,3,2
8890,"CA",3.23440438199135,3,4
8891,"CA",3.24028710786786,4,2
8892,"CA",2.33359951249173,3,1
8893,"CA",3.03978789539455,3,3
8894,"CA",4.93968919092077,5,5
8895,"CA",3.63213392938945,4,3
8896,"CA",2.87712762910211,3,2
8897,"CA",2.98476077762832,3,2
8898,"CA",4.22030236912368,4,4
8899,"CA",2.43769608514445,2,1
8900,"CA",3.05382397356951,3,3
8901,"CA",3.51812018651472,4,3
8902,"CA",1.72401038289339,2,2
8903,"CA",4.0968433070523,4,3
8904,"CA",3.46913171272357,3,4
8905,"CA",3.37221945654708,3,2
8906,"CA",3.50822721390887,3,2
8907,"CA",1.80332779074801,2,1
8908,"CA",2.83131586829325,3,3
8909,"CA",4.76203981091238,4,3
8910,"CA",2.79582095882574,3,2
8911,"CA",2.43683778195922,2,1
8912,"CA",3.08296104396382,3,2
8913,"CA",4.74667007827077,5,4
8914,"CA",4.26702716181849,4,3
8915,"CA",4.09854656408969,3,4
8916,"CA",3.91916361856649,4,4
8917,"CA",3.99315374865196,4,3
8918,"CA",3.24481766483231,4,2
8919,"CA",2.98269868075497,3,3
8920,"CA",3.01347404834676,3,2
8921,"CA",2.73316099893495,3,2
8922,"CA",4.22540751744514,4,4
8923,"CA",3.36195107940229,3,2
8924,"CA",4.75831295562629,4,4
8925,"CA",2.1751887154351,1,1
8926,"CA",3.01818824539376,3,2
8927,"CA",5,5,4
8928,"CA",2.20958800296837,2,0
8929,"CA",2.33866802836381,2,1
8930,"CA",2.76340115356978,3,2
8931,"CA",3.29210982589608,3,2
8932,"CA",2.59435265062432,2,2
8933,"CA",3.30186738432052,3,3
8934,"CA",3.84083677968621,4,3
8935,"CA",4.27356990048397,4,3
8936,"CA",2.9035434609942,3,2
8937,"CA",1.481084807242,2,1
8938,"CA",3.01595705551892,3,2
8939,"CA",4.31972090307886,4,4
8940,"CA",2.61398448522894,4,1
8941,"CA",4.28694228176672,4,5
8942,"CA",2.95856627103315,3,3
8943,"CA",3.97281162964877,3,3
8944,"CA",2.93040249087826,3,2
8945,"CA",2.93841996593552,3,2
8946,"CA",3.51386307181669,3,3
8947,"CA",5,5,4
8948,"CA",4.09642499817969,5,3
8949,"CA",3.18039481156804,3,3
8950,"CA",3.53844863428062,5,3
8951,"CA",3.74417733701724,4,4
8952,"CA",2.78570292350365,2,3
8953,"CA",3.6947589457615,3,3
8954,"CA",3.07736988850898,4,2
8955,"CA",2.8248416640512,2,3
8956,"CA",2.85789536563749,3,3
8957,"CA",2.77079194991826,3,3
8958,"CA",3.00768820295608,3,1
8959,"CA",3.40493389463896,4,2
8960,"CA",3.3543110282926,3,3
8961,"CA",3.0141651799495,4,3
8962,"CA",4.1068251637392,4,3
8963,"CA",3.03929795806929,2,3
8964,"CA",3.79143177993624,4,3
8965,"CA",2.70092412326229,3,2
8966,"CA",3.60818194494752,4,2
8967,"CA",3.32731845329378,3,3
8968,"CA",2.04779842531989,2,3
8969,"CA",4.0264157355916,4,4
8970,"CA",3.236123556223,3,2
8971,"CA",1.92979741439099,2,0
8972,"CA",1.59288689868253,1,1
8973,"CA",2.71281287520881,2,1
8974,"CA",2.35753946365966,3,2
8975,"CA",2.90968848192116,3,2
8976,"CA",2.21789109694857,3,3
8977,"CA",3.30981227824627,3,3
8978,"CA",4.87056347802839,5,5
8979,"CA",3.62331934796063,4,3
8980,"CA",1.75756122662726,2,1
8981,"CA",3.04733684801349,3,2
8982,"CA",2.65609249407505,3,1
8983,"CA",4.12437643074187,4,4
8984,"CA",3.51279725193942,4,2
8985,"CA",2.49214107195029,3,2
8986,"CA",1.35693804005206,1,0
8987,"CA",1.88295601918889,2,0
8988,"CA",3.730016845724,4,3
8989,"CA",5,5,3
8990,"CA",2.81537075852104,3,1
8991,"CA",3.97925831098937,4,3
8992,"CA",5,5,4
8993,"CA",2.11344875943962,2,2
8994,"CA",2.24524950939631,2,1
8995,"CA",4.29111111952011,5,3
8996,"CA",3.32318758366865,4,2
8997,"CA",4.18941145377947,5,3
8998,"CA",2.65205891489613,3,2
8999,"CA",2.67502599525491,2,2
9000,"CA",3.02559379163929,3,3
9001,"CA",2.93785428273982,3,3
9002,"CA",2.73951684492352,2,2
9003,"CA",3.24091414508722,3,3
9004,"CA",4.29004470515012,4,4
9005,"CA",4.0520309661554,5,5
9006,"CA",3.50572531947935,3,2
9007,"CA",2.98150812253163,3,2
9008,"CA",2.21066969947913,2,0
9009,"CA",3.670171199779,4,4
9010,"CA",3.605682710203,3,2
9011,"CA",3.42714456369493,3,3
9012,"CA",4.77770817162295,5,3
9013,"CA",1.44094744448423,2,1
9014,"CA",2.95166074359757,3,3
9015,"CA",2.83640088926548,3,2
9016,"CA",3.78365059005972,4,4
9017,"CA",3.11374171791757,3,3
9018,"CA",3.73342174528725,4,2
9019,"CA",3.70855899778136,4,4
9020,"CA",3.81619094662399,4,3
9021,"CA",3.70363446642041,4,4
9022,"CA",2.81585905830942,2,2
9023,"CA",3.55769067041958,4,3
9024,"CA",4.20637543978186,5,4
9025,"CA",4.20891374917183,4,2
9026,"CA",4.99726914806943,6,4
9027,"CA",2.83017612627247,2,1
9028,"CA",2.21193640921193,3,1
9029,"CA",3.2309589738709,3,2
9030,"CA",3.1040729656343,3,3
9031,"CA",2.60915299613777,2,2
9032,"CA",1.9114299491805,2,1
9033,"CA",4.1035132411806,4,3
9034,"CA",2.35303904139134,3,2
9035,"CA",3.30290502442066,4,3
9036,"CA",4.52102452748234,5,5
9037,"CA",2.64039424062088,3,2
9038,"CA",2.3853795532286,2,3
9039,"CA",3.73102489297607,4,3
9040,"CA",2.21083437103008,2,2
9041,"CA",3.53422014550433,4,3
9042,"CA",3.97317931035458,3,3
9043,"CA",3.1995195251117,3,3
9044,"CA",1.99021639896593,2,1
9045,"CA",3.88369698417339,4,4
9046,"CA",3.39502156727925,4,2
9047,"CA",2.97156546567905,3,1
9048,"CA",4.21724213844708,4,3
9049,"CA",3.20756455439321,3,2
9050,"CA",3.53081917005397,4,4
9051,"CA",2.79869531957105,3,2
9052,"CA",5,6,5
9053,"CA",3.55685323747226,3,3
9054,"CA",4.22255202037293,5,4
9055,"CA",2.37924278147053,2,1
9056,"CA",4.71296363710704,4,5
9057,"CA",3.74286609522487,3,4
9058,"CA",2.87568941260833,3,3
9059,"CA",2.48768155894983,3,1
9060,"CA",2.74216660942412,4,2
9061,"CA",4.10621442812409,4,4
9062,"CA",3.6617011706257,4,2
9063,"CA",3.24253619966596,3,2
9064,"CA",4.02191672452474,4,2
9065,"CA",2.82655731957733,4,2
9066,"CA",3.49694907925546,4,2
9067,"CA",5,5,4
9068,"CA",2.82598599244745,3,2
9069,"CA",2.53131704946309,2,2
9070,"CA",3.79474128702931,5,4
9071,"CA",3.20954748183257,3,4
9072,"CA",2.82736389882315,3,2
9073,"CA",2.26543832962635,1,2
9074,"CA",3.50722718875824,4,3
9075,"CA",3.85896374213571,4,3
9076,"CA",5,6,5
9077,"CA",3.82999922131144,4,2
9078,"CA",2.47098699884048,2,2
9079,"CA",1.16088776198544,1,-1
9080,"CA",2.28012093151193,2,2
9081,"CA",3.59098751516342,4,2
9082,"CA",4.70923912797309,4,4
9083,"CA",3.13692742195866,3,3
9084,"CA",2.48819745300277,3,2
9085,"CA",2.5210885648526,3,2
9086,"CA",3.14380120423963,4,1
9087,"CA",5,5,4
9088,"CA",2.73793113674837,3,2
9089,"CA",4.0931915078884,4,3
9090,"CA",2.68112126972862,3,3
9091,"CA",4.2458519190691,5,3
9092,"CA",3.50225340529941,4,3
9093,"CA",3.52260804852477,3,4
9094,"CA",2.551868456591,3,1
9095,"CA",4.06608038220899,5,5
9096,"CA",2.94909399246761,3,3
9097,"CA",3.35570151368644,4,2
9098,"CA",1.91312070135146,2,2
9099,"CA",3.44230167213319,3,3
9100,"CA",3.40177296189601,3,3
9101,"CA",4.33543751720918,4,4
9102,"CA",3.46792216184034,3,3
9103,"CA",3.89313481335782,4,4
9104,"CA",3.09513032721643,3,3
9105,"CA",1.8793779083156,1,1
9106,"CA",3.47085780629929,4,3
9107,"CA",3.22359021953618,3,3
9108,"CA",3.13581957274993,3,3
9109,"CA",1.5463168699136,2,1
9110,"CA",3.60815984751894,3,3
9111,"CA",2.95535183642778,3,2
9112,"CA",2.02137159834857,2,2
9113,"CA",4.37318558629559,4,3
9114,"CA",3.52753766356435,3,3
9115,"CA",3.78457182989804,4,4
9116,"CA",1.2203476488161,2,1
9117,"CA",2.28301563934264,2,1
9118,"CA",3.52031028455819,3,2
9119,"CA",2.9311002526343,3,2
9120,"CA",2.84502976850656,2,2
9121,"CA",3.34913210967637,3,3
9122,"CA",2.72092423524189,2,2
9123,"CA",4.94119543970371,4,4
9124,"CA",3.64857281357946,3,3
9125,"CA",5,5,3
9126,"CA",2.85024664209531,3,3
9127,"CA",2.59838687278229,3,3
9128,"CA",2.44611236347188,3,2
9129,"CA",3.00734387793753,3,2
9130,"CA",2.48311149575383,2,1
9131,"CA",4.55972812070504,5,4
9132,"CA",3.89294274133833,5,2
9133,"CA",4.06077002787542,4,4
9134,"CA",2.70509243557622,2,2
9135,"CA",2.65884955875693,3,2
9136,"CA",4.15684079510397,4,4
9137,"CA",3.31156872499103,3,3
9138,"CA",3.07471666175439,3,3
9139,"CA",4.15859196899628,4,3
9140,"CA",3.46174322283188,4,2
9141,"CA",2.29968320465875,3,1
9142,"CA",2.0255339205556,2,1
9143,"CA",2.98571582596645,3,2
9144,"CA",3.16339165733227,3,4
9145,"CA",3.38714880980984,4,3
9146,"CA",2.97565503326173,3,2
9147,"CA",3.72242694493923,5,2
9148,"CA",3.60903137627048,3,3
9149,"CA",3.41869568167685,3,3
9150,"CA",2.97938201311418,3,2
9151,"CA",3.66912413502365,5,3
9152,"CA",2.11905805626833,2,2
9153,"CA",2.33345472127264,2,1
9154,"CA",3.60547658220198,4,3
9155,"CA",4.724680168807,4,4
9156,"CA",2.62092354520418,3,2
9157,"CA",3.33510572540237,3,3
9158,"CA",3.44806311955548,4,2
9159,"CA",3.46358202755361,4,2
9160,"CA",2.25151023097957,2,1
9161,"CA",2.89770101394487,3,3
9162,"CA",3.65421743799314,5,2
9163,"CA",2.94969513642538,3,2
9164,"CA",3.17104958547111,3,3
9165,"CA",4.5246471260305,4,3
9166,"CA",2.40245729633426,3,2
9167,"CA",3.68285253044585,4,3
9168,"CA",3.54615658558641,4,3
9169,"CA",3.21824259313378,3,3
9170,"CA",3.19937940921209,3,4
9171,"CA",4.07672323748278,4,3
9172,"CA",1.82279181156165,2,0
9173,"CA",2.84843306960635,2,3
9174,"CA",3.84029268961726,4,4
9175,"CA",3.21431769691103,3,3
9176,"CA",1.60340103158425,2,0
9177,"CA",3.35047384702156,4,2
9178,"CA",2.36692069061923,2,2
9179,"CA",3.42678480218908,3,4
9180,"CA",3.18948549443267,3,2
9181,"CA",2.05314833865364,2,2
9182,"CA",3.90368348391001,4,3
9183,"CA",3.61847382688939,3,3
9184,"CA",3.15159855913245,3,2
9185,"CA",3.30138739521163,4,2
9186,"CA",2.25075855095848,2,1
9187,"CA",2.97838337512944,3,3
9188,"CA",2.40153514736828,2,1
9189,"CA",2.96730164731451,3,2
9190,"CA",3.46829141382096,4,2
9191,"CA",3.348645624137,4,3
9192,"CA",3.91502992170933,4,4
9193,"CA",2.41842886142578,3,1
9194,"CA",2.86794796635926,3,3
9195,"CA",4.25769736215372,4,3
9196,"CA",3.70599611936043,4,1
9197,"CA",3.50214278779903,4,3
9198,"CA",2.72287854892251,2,2
9199,"CA",3.06820154484657,3,1
9200,"CA",3.59926959101314,3,3
9201,"CA",4.18430299127552,4,4
9202,"CA",3.35648855488756,4,3
9203,"CA",3.07330279696848,3,2
9204,"CA",2.57723774327935,3,2
9205,"CA",2.66818760433827,4,2
9206,"CA",2.49900974359647,3,1
9207,"CA",2.92954587884072,3,1
9208,"CA",2.65133244833416,2,3
9209,"CA",2.82940686767926,3,2
9210,"CA",3.53555118298628,3,3
9211,"CA",4.05036411199284,5,2
9212,"CA",3.73251715239734,4,3
9213,"CA",1.49646014006473,1,0
9214,"CA",4.15516401144585,4,3
9215,"CA",3.07832622313085,3,2
9216,"CA",3.22223322510637,3,1
9217,"CA",2.58380411292974,2,2
9218,"CA",3.05099388036214,3,3
9219,"CA",2.5300192765973,3,3
9220,"CA",3.59162230377992,3,2
9221,"CA",2.7371344267967,3,1
9222,"CA",3.15916189472301,4,3
9223,"CA",4.13648127977053,4,3
9224,"CA",2.76594223244375,3,2
9225,"CA",3.44406579356691,3,2
9226,"CA",3.61984478543431,3,3
9227,"CA",2.70999675634563,3,2
9228,"CA",2.6786791247504,2,2
9229,"CA",3.7585110085024,4,3
9230,"CA",3.74610596836967,4,2
9231,"CA",2.38044685908329,2,1
9232,"CA",3.53829391689623,3,3
9233,"CA",3.592474258123,4,3
9234,"CA",3.69196798152797,4,4
9235,"CA",5,5,5
9236,"CA",2.51316006089989,2,1
9237,"CA",2.91209030493483,3,2
9238,"CA",2.14964217973024,2,1
9239,"CA",3.15525637894313,4,3
9240,"CA",4.24421906093233,5,3
9241,"CA",4.47342524749713,4,4
9242,"CA",3.51296357213334,3,2
9243,"CA",3.13551555546272,3,3
9244,"CA",2.13356894265584,2,1
9245,"CA",3.57406324471164,4,2
9246,"CA",4.27770556242209,4,3
9247,"CA",3.47241024979665,4,2
9248,"CA",3.37581201538939,3,3
9249,"CA",3.37955188563672,4,2
9250,"CA",1.58862865230736,2,0
9251,"CA",3.3076061484507,4,4
9252,"CA",2.57167287083111,2,2
9253,"CA",2.03010948692075,3,0
9254,"CA",3.82376863506957,4,3
9255,"CA",3.09651644040402,4,3
9256,"CA",4.2004055729627,4,3
9257,"CA",4.71107016225438,5,4
9258,"CA",4.09566183915758,4,3
9259,"CA",4.21095316329036,5,3
9260,"CA",3.28965059986344,3,3
9261,"CA",3.22797720866545,3,3
9262,"CA",2.73501274813474,3,1
9263,"CA",3.58860472110326,2,4
9264,"CA",2.46261858561109,2,2
9265,"CA",3.41099037196649,4,3
9266,"CA",1.78274538076365,2,2
9267,"CA",3.5722571695609,4,3
9268,"CA",2.29149839864158,3,1
9269,"CA",2.50666244076249,3,3
9270,"CA",2.09701062098364,3,0
9271,"CA",1.61261879287952,2,2
9272,"CA",3.27768872250872,4,3
9273,"CA",3.04989926862777,3,2
9274,"CA",3.48437101854285,3,2
9275,"CA",4.14836444198698,4,4
9276,"CA",4.19321136605885,4,4
9277,"CA",3.17118333301037,3,3
9278,"CA",3.19327522625681,4,2
9279,"CA",2.04839021742847,2,1
9280,"CA",3.63322500393192,3,4
9281,"CA",4.71860097300541,5,4
9282,"CA",4.27641847888615,4,3
9283,"CA",3.18354417306099,3,2
9284,"CA",2.70170225613333,2,2
9285,"CA",3.20201511717348,3,3
9286,"CA",2.94720283621496,3,2
9287,"CA",4.47430586837659,5,4
9288,"CA",3.459976721976,4,3
9289,"CA",3.46785496054634,3,3
9290,"CA",3.71667711867813,4,4
9291,"CA",3.57895288220623,3,2
9292,"CA",4.15213957998708,3,3
9293,"CA",4.66607272756589,5,4
9294,"CA",3.07007562865285,3,3
9295,"CA",2.3357009566673,3,2
9296,"CA",3.51739488527266,3,2
9297,"CA",2.80122693468994,2,4
9298,"CA",3.12852619939042,3,2
9299,"CA",3.74997844264189,4,3
9300,"CA",3.28573682541571,3,3
9301,"CA",1.72661626684278,2,1
9302,"CA",2.43976263135852,2,2
9303,"CA",4.00188447047469,4,4
9304,"CA",3.87026347633264,4,4
9305,"CA",4.15711703192279,4,4
9306,"CA",2.76871948739635,3,3
9307,"CA",2.92444509583841,3,1
9308,"CA",3.22915388562957,3,3
9309,"CA",4.3813629648624,4,5
9310,"CA",3.95202814596818,4,4
9311,"CA",2.33315009353041,2,1
9312,"CA",4.66420453068104,5,4
9313,"CA",4.35385415464918,4,4
9314,"CA",3.55134081225246,3,4
9315,"CA",4.45765904387389,4,3
9316,"CA",5,4,4
9317,"CA",2.52008654231317,3,2
9318,"CA",4.40032105640017,4,4
9319,"CA",4.71670170962592,4,4
9320,"CA",2.66495151642651,3,1
9321,"CA",2.49753024605298,3,1
9322,"CA",4.32710175258527,4,4
9323,"CA",3.97769908718049,4,3
9324,"CA",2.57277280535302,2,1
9325,"CA",3.41343872660529,4,3
9326,"CA",1.6127304964778,1,1
9327,"CA",2.85968575174717,3,2
9328,"CA",3.35654264486207,3,3
9329,"CA",3.31983847697762,3,3
9330,"CA",2.8530024693997,3,2
9331,"CA",3.26157889775899,3,3
9332,"CA",3.13720626035923,3,3
9333,"CA",3.55407358289743,4,3
9334,"CA",3.9614482696326,4,3
9335,"CA",3.61576532984157,4,3
9336,"CA",2.4770125001602,2,1
9337,"CA",1.83695355934691,2,2
9338,"CA",2.73407202095994,3,4
9339,"CA",3.71038764550845,2,3
9340,"CA",1.78497130558122,1,1
9341,"CA",3.50534322513244,3,4
9342,"CA",2.61404854232885,2,2
9343,"CA",2.70174090946982,3,1
9344,"CA",4.96825619544759,5,4
9345,"CA",3.15571660131463,3,3
9346,"CA",2.69481286254326,2,2
9347,"CA",3.95502625803987,4,3
9348,"CA",3.34489275003155,3,1
9349,"CA",2.55639664859411,2,2
9350,"CA",2.52431512208871,3,2
9351,"CA",3.88010947464821,3,3
9352,"CA",3.29786438404944,3,4
9353,"CA",3.22336187513789,3,3
9354,"CA",2.7978300497129,3,2
9355,"CA",3.92425715148195,4,3
9356,"CA",2.84562498120359,2,2
9357,"CA",4.72672878236186,5,4
9358,"CA",4.25571402885898,4,3
9359,"CA",2.84361231871053,3,2
9360,"CA",3.29733987418504,4,2
9361,"CA",4.7758013485478,5,6
9362,"CA",2.76699088589296,3,1
9363,"CA",3.45668961447747,3,3
9364,"CA",3.46070688278164,4,3
9365,"CA",4.1165770538334,5,4
9366,"CA",2.49788122296204,2,1
9367,"CA",2.7476995500368,3,2
9368,"CA",3.93728918014658,4,3
9369,"CA",3.32280034672566,4,3
9370,"CA",3.43611811973498,4,4
9371,"CA",5,5,4
9372,"CA",4.38347596302371,5,3
9373,"CA",3.80952936701029,4,4
9374,"CA",2.34872721656548,3,1
9375,"CA",4.38110939514482,4,4
9376,"CA",4.19373105727655,4,4
9377,"CA",3.15337271546093,3,2
9378,"CA",2.63535712218136,3,3
9379,"CA",4.56890596193908,5,3
9380,"CA",2.35497190476882,3,3
9381,"CA",4.16404647351146,4,2
9382,"CA",4.22316127983759,4,4
9383,"CA",3.68926395432393,4,3
9384,"CA",2.36950546422607,3,2
9385,"CA",3.19851488124635,4,3
9386,"CA",3.07281520593159,3,2
9387,"CA",4.4553620839626,4,3
9388,"CA",4.4693497013829,5,3
9389,"CA",3.18649648737581,3,3
9390,"CA",3.80120971603897,4,4
9391,"CA",3.64970577147215,4,3
9392,"CA",3.18650909763599,4,2
9393,"CA",2.08273713606593,2,2
9394,"CA",3.89626510598323,4,3
9395,"CA",4.35294167652515,4,4
9396,"CA",2.73432947081399,3,2
9397,"CA",3.75040496954221,4,3
9398,"CA",3.56340410683139,4,3
9399,"CA",4.45179865363763,4,4
9400,"CA",4.70427704747021,5,4
9401,"CA",2.81634994695431,3,3
9402,"CA",2.91494481161742,3,2
9403,"CA",3.65057680612157,4,3
9404,"CA",4.87437082265726,4,5
9405,"CA",4.16171012534742,4,2
9406,"CA",2.46489896559115,3,2
9407,"CA",3.84728427377625,4,3
9408,"CA",3.33201007759294,3,2
9409,"CA",2.35284591215842,2,3
9410,"CA",4.25137879707288,4,4
9411,"CA",2.80557033960403,3,2
9412,"CA",3.280998041567,3,2
9413,"CA",3.04077994243431,3,2
9414,"CA",2.60075767195859,3,3
9415,"CA",3.80552031647387,5,3
9416,"CA",3.06912240263758,3,2
9417,"CA",2.57230967132331,2,2
9418,"CA",2.74079000931068,2,1
9419,"CA",3.07539938633113,3,2
9420,"CA",3.86568986036426,3,4
9421,"CA",2.84310017605161,2,2
9422,"CA",3.24470312935811,3,1
9423,"CA",4.12054558681704,4,3
9424,"CA",2.47750788685044,2,2
9425,"CA",3.32715809621828,3,3
9426,"CA",2.55596452636502,3,2
9427,"CA",2.8119484991384,3,3
9428,"CA",4.20767200406914,4,4
9429,"CA",2.49950567006775,3,2
9430,"CA",2.82103186471615,3,2
9431,"CA",1.82491175851432,2,0
9432,"CA",4.07993515663679,4,3
9433,"CA",3.81573469745904,4,4
9434,"CA",2.83432488342382,3,3
9435,"CA",3.57009930464022,4,2
9436,"CA",4.81678762420884,5,4
9437,"CA",3.64624334418022,3,4
9438,"CA",3.20774673637917,3,2
9439,"CA",3.49163401606124,4,2
9440,"CA",2.86500825904294,3,3
9441,"CA",3.27002107990352,4,2
9442,"CA",2.32429522700335,3,1
9443,"CA",2.49603428165604,2,2
9444,"CA",2.344556459461,2,1
9445,"CA",3.04075603338043,4,2
9446,"CA",2.26178839237403,2,1
9447,"CA",2.8110419785636,3,2
9448,"CA",3.66187554418852,4,3
9449,"CA",4.02533503312709,4,3
9450,"CA",3.21363785545083,4,3
9451,"CA",2.99404326217468,4,2
9452,"CA",2.94507606215937,3,2
9453,"CA",2.71184129689593,3,2
9454,"CA",2.9314089531782,3,3
9455,"CA",2.77106838461839,3,2
9456,"CA",2.70001887710336,2,3
9457,"CA",2.21614068035058,3,1
9458,"CA",3.17140224459382,3,2
9459,"CA",4.93094642117825,5,4
9460,"CA",2.24705580485128,2,1
9461,"CA",2.63827567182347,3,3
9462,"CA",2.86629193964536,2,2
9463,"CA",4.64037124287262,4,5
9464,"CA",3.80532058258308,4,4
9465,"CA",3.06688997901089,3,2
9466,"CA",3.2885247550462,4,4
9467,"CA",2.79461149262039,3,2
9468,"CA",2.22102890386795,2,2
9469,"CA",3.49573399907788,4,3
9470,"CA",3.56192023556622,4,3
9471,"CA",3.35518010157133,3,4
9472,"CA",3.02196754901658,2,4
9473,"CA",4.81966239520012,4,4
9474,"CA",3.29817093848222,4,1
9475,"CA",3.49266524103663,3,3
9476,"CA",3.39531568407039,3,3
9477,"CA",5,5,5
9478,"CA",3.77744557195974,4,3
9479,"CA",3.40207385927292,4,3
9480,"CA",4.99936299408472,5,4
9481,"CA",3.65006125196703,4,2
9482,"CA",1.44505621574786,1,0
9483,"CA",2.95108610301441,3,1
9484,"CA",3.55465326357154,3,2
9485,"CA",3.32114685508556,4,3
9486,"CA",2.12368655896282,3,1
9487,"CA",2.42483386421317,2,1
9488,"CA",3.94725964023247,4,4
9489,"CA",4.72233227245125,5,3
9490,"CA",3.6414821467898,4,4
9491,"CA",3.30305757000828,3,2
9492,"CA",3.32029918949234,3,2
9493,"CA",3.5335396803805,4,3
9494,"CA",2.67190822830079,3,3
9495,"CA",2.56003753064443,3,1
9496,"CA",1.94855995804276,2,2
9497,"CA",2.65297418636885,2,3
9498,"CA",3.34651373780225,4,4
9499,"CA",2.74535663099884,2,3
9500,"CA",2.14007393160484,2,1
