"id","age","gender","credit_score","store_trans","store_spend"
8001,47.5967091300267,"Female",736.557255140573,70,2674.65857073784
8002,34.0471128002274,"Male",795.309892165792,3,121.040184012024
8003,40.5418988793614,"Female",762.984598737413,30,1187.62909738878
8004,42.4300382347273,"Female",696.033623695364,0,0
8005,40.829878261987,"Female",677.086718719821,18,518.799460223869
8006,37.2571283873596,"Female",743.25147949351,162,2133.41474807547
8007,48.5806539820726,"Male",750.390898055622,0,0
8008,37.3373867311083,"Male",727.820505216216,8,308.72414983042
8009,52.1289659971393,"Female",768.100305960865,31,1568.63962971086
8010,37.5610013066331,"Female",765.433631853074,38,1267.80286708805
8011,47.1340875795644,"Female",707.660526329817,139,4426.14883784504
8012,54.0065177489077,"Male",955.565033420018,1,30.1506204435982
8013,28.2779750922136,"Male",719.537969895842,0,0
8014,36.0484786322784,"Male",701.326743579516,0,0
8015,37.0667506452444,"Female",723.961577163448,0,0
8016,42.4516527864905,"Female",774.461484751499,6,552.171460913376
8017,36.0102295500875,"Male",759.739448309883,0,0
8018,19.4048120536666,"Female",589.471632715753,0,0
8019,20.9167314999714,"Female",579.443400265586,2,67.3100062596888
8020,47.2407934201113,"Female",757.227034787173,0,0
8021,35.8535298414507,"Female",769.400698427286,256,11943.895983544
8022,25.53084096214,"Female",704.904564541097,1,115.759839346305
8023,36.7965785096827,"Male",781.666014201354,0,0
8024,46.5027228942082,"Female",779.667591589271,10,380.537561641814
8025,51.2663542288548,"Male",794.378668679704,18,522.40374744683
8026,34.9867160787566,"Female",808.969489637392,6,217.840460803626
8027,36.1991143206175,"Male",675.491964300098,68,2778.86359354328
8028,25.6578584036365,"Male",657.411792727002,0,0
8029,41.2206814838189,"Female",763.087658159506,1,26.6816629433914
8030,33.5200358682792,"Female",733.260032577356,57,1459.41925439413
8031,41.1881508626885,"Female",634.206037958767,84,2445.53152488354
8032,42.9338613606017,"Female",775.691605745979,34,1198.33159776134
8033,45.2457246537895,"Male",691.242853376027,27,819.548231049163
8034,33.7375153721495,"Female",659.93534760851,7,773.781945894717
8035,41.5346858630858,"Female",830.959735228045,9,422.363037111532
8036,25.9809392464866,"Male",755.960707903975,0,0
8037,32.5087869413435,"Male",680.11828163645,5,73.4806408534818
8038,32.0436468407644,"Female",799.464556768814,2,130.276338477675
8039,21.1005464503736,"Female",656.816768122555,0,0
8040,38.2528582482458,"Female",786.190992276701,55,3500.83803176638
8041,39.4419902014018,"Female",807.161870157451,27,731.531077338872
8042,35.4725989101593,"Male",792.96794464361,129,3366.52355178179
8043,43.3071426498966,"Male",812.654225421482,0,0
8044,32.913066210464,"Female",704.372470940929,0,0
8045,28.4220326890649,"Female",677.929322159241,0,0
8046,41.029726181221,"Male",805.785552096913,91,3252.64154415172
8047,32.3202477666933,"Female",713.374597352129,22,876.882309755786
8048,48.1087088320488,"Male",730.204295432933,19,778.326731608951
8049,34.9798765817066,"Male",673.689806830836,0,0
8050,42.5895351838154,"Female",812.847496287273,96,2067.57383896882
8051,40.2534768564276,"Female",778.663471839617,0,0
8052,32.5131274138374,"Female",791.520099010322,0,0
8053,49.0300926385438,"Male",736.1121575949,4,79.4546291195843
8054,42.5002951400212,"Female",760.485246782875,0,0
8055,38.6283245261972,"Female",681.558927329723,8,189.418964679941
8056,39.9358552310402,"Female",744.11874385282,2,88.9290109276726
8057,42.7550217123869,"Female",705.95494268453,115,9541.22020747507
8058,38.6288302060536,"Male",755.33178383668,69,2781.04164580565
8059,17.0483694179295,"Female",669.263317486469,4,131.618539943106
8060,39.9941806747146,"Female",812.262624470435,0,0
8061,35.4293575008132,"Female",742.149296607574,0,0
8062,39.2966139540593,"Male",717.690817321223,1,27.1095782238283
8063,42.0727660915585,"Female",659.206431750913,0,0
8064,47.7981577910488,"Female",740.75340942714,18,465.797790961134
8065,32.9089555836787,"Female",689.422491423056,43,1161.27267496083
8066,47.117798424309,"Female",818.749347488746,0,0
8067,40.3509368382645,"Male",763.920973497028,106,4750.26027219998
8068,45.2695426908833,"Female",726.418309969721,0,0
8069,44.4450999780345,"Female",764.731046968851,99,4949.15425836994
8070,43.046147140068,"Female",755.845828512516,0,0
8071,30.698167430025,"Male",728.560890895788,2,103.967210163675
8072,37.3686952937251,"Female",717.230475199035,7,575.112118004488
8073,42.3646271339968,"Male",806.343280055216,13,407.017956328911
8074,31.3253364955936,"Female",779.452778818044,1,29.7471865057688
8075,34.200198297983,"Female",664.077831638177,3,77.1580993843111
8076,42.0669754837718,"Female",796.006869766321,84,6504.20038317565
8077,43.3772511648421,"Male",712.781902660023,11,419.0356172804
8078,41.2463731197812,"Female",754.832502182623,6,120.504175120909
8079,31.7995659181322,"Female",765.445959313522,0,0
8080,30.301533709465,"Female",735.61176405636,0,0
8081,48.5889490686345,"Female",765.344626329172,33,1177.90580471897
8082,39.8054500627242,"Male",744.223199464816,4,101.983071640471
8083,38.6190816041171,"Female",848.392506771512,0,0
8084,37.1537242372264,"Female",803.292907279504,0,0
8085,29.6396977338763,"Female",709.439480678553,58,1096.05787454929
8086,42.2839782862827,"Female",730.812340282942,0,0
8087,36.4800210797744,"Female",821.523806602424,7,216.039518355644
8088,36.7207030556765,"Female",734.658345428297,0,0
8089,44.5334242999981,"Female",773.739913805834,129,4218.85166367957
8090,43.7524117735577,"Male",816.726920553548,46,3746.9847582078
8091,47.7448146315399,"Female",732.571732758349,2,56.0604107436317
8092,34.6667825386173,"Male",702.22634336988,1,27.0465852133346
8093,42.5524399250841,"Female",728.552015561712,0,0
8094,47.73777319473,"Female",771.779728389687,0,0
8095,30.2244778438647,"Male",589.845310359249,0,0
8096,31.9744518918551,"Male",695.014783846253,47,1517.25775480303
8097,30.0778292340236,"Female",745.593265947096,74,2755.1369182001
8098,27.7855020034832,"Female",718.946882776299,15,228.754046025406
8099,38.5598778726881,"Female",753.211641457184,1,68.8106472479832
8100,42.5724303775443,"Male",668.374020501335,27,588.762422393449
8101,46.4067576291895,"Male",770.046355591553,27,1267.72445395656
8102,45.3132576101741,"Female",750.202280686553,0,0
8103,30.9775394721211,"Female",713.949524577817,6,112.356432804436
8104,50.9393733117092,"Female",817.457633032017,0,0
8105,33.3325861386953,"Female",792.401965793318,76,2504.20138627331
8106,38.7385966871925,"Female",723.614246458826,136,4083.61485701755
8107,35.044208826918,"Female",695.259062522375,7,249.243375437184
8108,37.1435487963152,"Male",719.04360440147,1,48.1904660204017
8109,39.3173512415105,"Female",776.670350732114,2,41.7686153187083
8110,38.834126705979,"Female",730.573019809433,26,451.883343158558
8111,37.8243521439282,"Female",712.59399287674,0,0
8112,38.7565090955942,"Female",733.648209623896,0,0
8113,34.6019533490733,"Female",791.503370188906,30,886.486330907251
8114,34.4704800851847,"Male",677.378868890207,198,7550.57295611348
8115,26.3723064405963,"Female",683.578350621941,0,0
8116,35.3236639118833,"Male",673.180843326552,278,6881.88914293956
8117,34.4114481948554,"Female",835.171557374551,29,403.518241837503
8118,56.9132370024136,"Female",767.086604005578,0,0
8119,28.465186381672,"Male",750.698263419059,0,0
8120,38.9607935299102,"Female",738.778227169438,0,0
8121,27.544624528786,"Male",693.86575943517,0,0
8122,27.7069498099424,"Female",685.04039816589,45,2734.83965009697
8123,38.872916703379,"Female",696.437673005892,0,0
8124,31.0235260558117,"Male",780.149395721204,17,787.553800193578
8125,37.987241699867,"Female",765.258257818515,0,0
8126,35.0021878300193,"Female",726.563098889767,0,0
8127,33.7042987548535,"Male",666.367228791089,2,52.2372666928029
8128,23.8272550820662,"Female",667.161061968266,0,0
8129,29.4267643474801,"Female",755.934977205645,0,0
8130,39.2566150878256,"Male",688.044177858836,0,0
8131,41.9733441609647,"Male",717.326516356992,671,10764.1852768187
8132,34.5498585251257,"Male",762.808234653891,0,0
8133,38.0004401884575,"Female",753.069641619826,0,0
8134,45.8602275036598,"Female",727.577773813121,0,0
8135,48.0789902008333,"Male",846.867726607206,2,93.6142801395262
8136,30.3202036211592,"Female",651.422264106398,14,245.010492635561
8137,37.1787630782488,"Female",802.320161829873,4,78.6508863241527
8138,46.4104888064379,"Female",799.940107278938,0,0
8139,34.7118929360359,"Male",619.257126390285,26,999.453395915506
8140,37.632713605427,"Female",748.906394940665,118,5518.41260001706
8141,37.3972489123404,"Female",772.243002758224,0,0
8142,31.786246874655,"Female",675.774707921826,15,456.943927589488
8143,34.8872119658068,"Female",724.128322735722,49,3424.39558409469
8144,37.7938858463823,"Female",652.205760541923,174,4051.36775674728
8145,35.1029180565945,"Male",679.930401575394,0,0
8146,45.7937021635774,"Male",764.219442611864,11,344.003522066789
8147,34.6330501084221,"Male",737.458548151865,6,132.919975296764
8148,34.9678167717949,"Male",721.220389555134,0,0
8149,42.8780380358647,"Female",709.912597686192,0,0
8150,30.6054211078036,"Female",741.50707009972,0,0
8151,37.7151106739415,"Male",799.520560000909,0,0
8152,27.1391862435669,"Female",671.375767139842,0,0
8153,46.1701868446498,"Female",761.3359034465,8,317.086359938014
8154,36.0844800903814,"Female",701.69962579205,2,110.283706952894
8155,34.7250827272942,"Male",720.130308963035,110,2722.07234207346
8156,29.3322337040965,"Female",716.034480445859,2,76.9419874707325
8157,37.9456657635587,"Female",728.729969057494,41,1369.76100822591
8158,32.3980247543384,"Male",699.456575773712,0,0
8159,34.2655536903469,"Female",699.235293716372,60,1787.76008586793
8160,47.0137267190921,"Female",762.743389025357,0,0
8161,36.7713189083051,"Female",720.277896357077,2,75.5123221819968
8162,30.4975233109453,"Female",684.270138494372,13,1006.31800646
8163,39.1424481772717,"Female",756.295458014092,0,0
8164,35.4608310906044,"Female",746.568901300835,0,0
8165,42.1300948359114,"Male",754.902131384886,19,517.536504954902
8166,48.0269534941169,"Male",709.026864421315,0,0
8167,31.0511524222335,"Male",733.276942231255,34,1099.75237449723
8168,41.182552083062,"Female",764.838465109733,13,505.516810997597
8169,38.5942864107494,"Female",721.626423289129,8,171.866907931264
8170,44.2689590758518,"Female",780.488480833333,43,1712.54255403665
8171,36.3915530273761,"Female",792.392470705983,2,43.6760236456882
8172,43.8563334792243,"Female",767.959123597404,0,0
8173,25.7846089706431,"Female",735.609145577399,0,0
8174,49.8262124491936,"Female",833.607310288093,3,83.0843622090533
8175,44.05344584963,"Female",835.104684240357,26,880.344762953057
8176,36.9445680777998,"Female",706.797213576654,3,64.9765408381053
8177,27.8569500890258,"Male",683.179124537723,22,722.414305488298
8178,42.5010609002939,"Female",731.057243114427,5,117.56191331261
8179,41.3823570467034,"Male",799.200900532641,0,0
8180,37.9555106150503,"Female",762.952429884287,25,795.804676338914
8181,39.060191250037,"Female",785.069533887979,15,552.917461104664
8182,33.9112372075514,"Male",736.804801839522,1,32.2818967768492
8183,40.5816471284117,"Male",727.321888206581,0,0
8184,40.0625803780366,"Male",667.380161739431,3,73.0587319183659
8185,36.045184386602,"Female",642.902976126697,0,0
8186,28.6463434157479,"Female",806.500089812021,4,186.495732527731
8187,42.9052417290802,"Female",748.913791809879,41,1197.23134045797
8188,41.8793763559182,"Female",773.549224396196,19,692.059003124476
8189,32.1458538503901,"Male",751.162245831211,0,0
8190,26.8378828659563,"Female",772.829710437285,0,0
8191,39.4347100641134,"Female",769.977567360317,1,21.6618199121606
8192,35.5843841541898,"Female",728.071669310594,24,1185.58950580739
8193,39.7682819235512,"Female",776.448621578381,2,74.7958730866703
8194,28.9419827416081,"Female",724.191117831191,0,0
8195,31.2858068893375,"Female",682.424674372547,76,2761.46519301042
8196,45.6004239757593,"Female",804.725868242224,0,0
8197,40.82642433301,"Male",750.701340506218,3,100.53935554495
8198,42.1054127570351,"Female",744.580943222954,0,0
8199,50.7065991230777,"Female",726.082606600511,0,0
8200,38.9017500002167,"Male",794.108007482511,0,0
8201,23.9934953358794,"Female",672.486480506157,1,20.2810844043626
8202,40.336440382035,"Female",736.046157982236,11,371.389384604512
8203,46.1992758915116,"Male",757.199524556174,0,0
8204,52.4167746960951,"Female",774.400879844754,18,416.755355098195
8205,28.3619688123164,"Male",732.868857274371,2,40.3459541390271
8206,29.9440110406103,"Female",754.928225071507,36,1392.44051915046
8207,33.0592502366791,"Female",746.008905121739,1,26.4173852651434
8208,30.6216095254597,"Female",638.305521663137,0,0
8209,33.4797939380026,"Male",599.971411400579,5,163.298826877194
8210,36.7023542262645,"Male",711.856193789817,11,355.709975844431
8211,29.5914456448201,"Male",699.710912702752,37,879.976409588947
8212,52.2588051688821,"Female",769.323268373606,26,1391.93047085135
8213,38.7544232141988,"Female",666.627534949626,0,0
8214,37.4112432964609,"Female",698.265767670469,0,0
8215,41.4693374912322,"Female",653.452114042998,1,22.7952199464425
8216,38.2619063028258,"Female",866.734829832585,127,2618.96871833357
8217,37.0753837413086,"Male",758.556565134838,104,2846.59098352708
8218,48.3375119648647,"Male",764.704838948124,0,0
8219,36.4807885293553,"Male",634.935392195151,0,0
8220,29.0147845713544,"Male",693.705185155805,8,226.437143310653
8221,40.6996752331038,"Female",783.120576209177,1,59.2082377430105
8222,35.5394098852964,"Female",765.527906658369,37,1125.27933083382
8223,34.3474273465061,"Male",745.746883215646,34,670.03701052126
8224,30.5230815951898,"Male",782.071853438153,17,625.221800666073
8225,40.9985613228668,"Female",652.442478713776,0,0
8226,36.781872359011,"Female",675.223030022684,0,0
8227,41.6096741005362,"Male",743.870628735765,0,0
8228,36.3594430588586,"Female",736.543515160578,37,584.588720389695
8229,33.3904760192476,"Male",693.549834544496,2,70.6359844537984
8230,46.751656228551,"Male",820.147274995831,0,0
8231,36.0976539942202,"Female",626.163173537926,0,0
8232,44.6356639711264,"Female",703.191448672715,18,1112.50582911175
8233,29.5889229892374,"Female",788.962680036872,89,2387.02516678496
8234,34.7371873253715,"Female",768.829063683966,0,0
8235,36.1145402339277,"Female",652.458342619885,15,397.790404925583
8236,35.263242143084,"Female",766.966140236859,0,0
8237,47.440949083942,"Female",780.600959652251,0,0
8238,37.8406470909111,"Female",666.975857857239,0,0
8239,39.7095809577241,"Male",757.107550596557,415,22554.5790744138
8240,31.4033980449525,"Female",758.859924634292,25,931.026293615396
8241,32.895479064433,"Female",668.931487398333,64,1802.94647886048
8242,44.9864823598839,"Male",780.943043208941,44,609.156434744324
8243,46.8093716521689,"Female",698.641442542342,11,394.235281978463
8244,46.7420458216707,"Female",786.712481181116,0,0
8245,28.3355406533227,"Female",655.854535912171,3,68.5363532329635
8246,52.3497248554548,"Female",758.261900353652,82,2380.64250467582
8247,45.1181098085968,"Female",703.267560200796,95,4604.11382600176
8248,37.8129777510322,"Female",768.322301124605,11,703.134933440989
8249,42.9252544515878,"Female",741.553323183795,10,243.951081906725
8250,31.200303395937,"Female",738.528080044776,3,80.3588845401119
8251,30.326906309088,"Female",741.847554421104,28,457.58197568725
8252,38.3433531565632,"Female",734.803002395914,0,0
8253,29.6105290040955,"Female",704.268769007798,0,0
8254,39.3301329899182,"Male",757.988367710522,1,32.9037301660289
8255,47.0839412972327,"Female",790.696906719153,27,1288.39499571148
8256,30.7628839392467,"Female",711.4447498484,5,173.919977508948
8257,32.8309147205086,"Female",739.427953265957,2,75.6764116701394
8258,38.325947576156,"Female",775.01424095471,2,100.179206589645
8259,30.8768271612173,"Female",746.625136675045,0,0
8260,35.317012280796,"Female",791.434232969365,0,0
8261,44.1092878816998,"Female",657.767139701645,0,0
8262,44.7868150977908,"Male",771.60581202682,1,33.9452048340984
8263,40.6869266551897,"Female",749.7989127978,6,501.102214886435
8264,25.0391103585277,"Male",656.795244479305,6,555.156931633479
8265,37.6220228422168,"Female",695.220316360549,14,325.59250974407
8266,45.453412500368,"Male",782.573771283822,0,0
8267,43.6923652618812,"Male",733.305830890631,29,1068.54247839947
8268,36.66428468127,"Female",716.979529187755,8,230.142224224253
8269,19.1004913400541,"Male",702.661879521751,1,34.7797444197879
8270,38.4267664716078,"Male",792.440559942405,26,1063.56348404646
8271,42.016261882385,"Male",849.389661561865,11,350.32652761703
8272,38.3206250580757,"Male",773.455192328496,46,1062.92778031342
8273,39.1018877812311,"Female",837.405560619032,158,5914.76018314252
8274,41.0209576100814,"Female",806.643918266632,0,0
8275,35.2241518476485,"Female",742.34846783546,222,7097.13902490178
8276,47.1698475802608,"Female",774.213176545309,0,0
8277,41.2927537991176,"Male",840.423975003749,163,3371.88527398285
8278,29.3013081059778,"Female",657.257430947333,33,1064.93255422087
8279,47.6710281946987,"Male",766.235306603757,0,0
8280,46.4312125590688,"Male",768.912332245099,50,1733.1949576312
8281,43.7685177457732,"Male",634.304330107083,375,10768.6361942612
8282,26.3615941847008,"Female",681.49648750249,1,23.7809859325445
8283,34.0148555947616,"Female",739.374113718404,5,160.850487291235
8284,42.4485967210267,"Female",605.898737227758,0,0
8285,38.306054053045,"Female",753.311797338361,0,0
8286,40.4360861256292,"Male",727.034055070966,0,0
8287,55.2171548420929,"Male",807.788127548926,0,0
8288,32.2713377292023,"Female",752.6975696899,0,0
8289,23.207599195496,"Male",760.817551902793,4,265.285831368793
8290,39.9158669070129,"Female",655.478042914172,0,0
8291,33.1868221112961,"Female",721.646932145492,175,3642.25779156445
8292,41.1222873707331,"Female",711.719670594684,0,0
8293,32.3133069334658,"Male",718.44488312199,2,81.0859123975111
8294,53.484388362346,"Female",773.995986283769,0,0
8295,37.134058198958,"Female",672.60721031024,0,0
8296,34.6586514577896,"Male",633.634985363419,4,197.443601007714
8297,36.8361695595937,"Female",836.52419490382,28,1305.91452789093
8298,44.037943685385,"Female",685.893546888096,0,0
8299,38.6813833964197,"Female",749.795229852567,35,1848.62083066369
8300,26.620682825521,"Female",644.418889313253,4,242.698759621422
8301,37.9676546252148,"Female",809.289989122551,10,405.19830858868
8302,43.3216951736344,"Female",661.600146537681,0,0
8303,38.2729363901079,"Female",690.389195477891,35,2054.16067034833
8304,43.1455049913011,"Male",688.483945643104,2,36.6865381904971
8305,36.9746916110079,"Female",733.438143146873,0,0
8306,37.594788652331,"Female",708.243718380161,60,1914.96918085944
8307,41.3765862627317,"Female",863.38275671151,1,23.8206053179093
8308,44.9506054574301,"Female",754.632410023751,0,0
8309,29.2752315137757,"Female",774.410212314391,67,3237.04579989531
8310,37.7655873260807,"Female",774.337195434575,4,114.837698673121
8311,37.50326473125,"Female",766.793745720011,26,806.97318084439
8312,32.6875554238833,"Female",743.856713665452,0,0
8313,30.7594844734259,"Female",725.968545779799,6,177.03915915887
8314,33.5848763222043,"Female",685.087833504906,0,0
8315,42.107654040091,"Male",729.170754865743,0,0
8316,35.0857414067144,"Female",748.706200849089,26,1210.28237094226
8317,32.5057853334628,"Female",593.725730198704,13,627.454599847749
8318,39.1439142364027,"Female",644.659678285558,0,0
8319,29.3430003542346,"Female",687.003605168035,30,769.882314864378
8320,45.3211164336567,"Male",662.661470940261,45,2237.04759585169
8321,34.607832086469,"Male",729.498731296367,135,3295.68139798513
8322,39.3239016817647,"Female",761.472638901471,146,6084.7209180868
8323,38.3570443210248,"Male",779.300840969736,160,3076.53071584685
8324,37.9983153177949,"Female",789.675445599893,0,0
8325,50.6656742971001,"Male",800.339544357381,45,1678.70272126421
8326,32.2227043002304,"Male",743.969255031255,301,9956.68248712507
8327,46.0182931655959,"Female",770.047009758246,1,30.184712790319
8328,38.2210123128727,"Male",736.369804129772,3,158.989125798743
8329,32.153559362853,"Female",676.05611712355,0,0
8330,37.5186544568844,"Male",843.937579532049,23,1281.07546698015
8331,43.2274018090873,"Male",710.055998991589,0,0
8332,35.0213688592378,"Male",809.928133195309,0,0
8333,32.5954243536458,"Female",764.732513425461,0,0
8334,39.0693487472353,"Female",838.972794156108,0,0
8335,44.9201779162516,"Male",791.34185307517,115,4102.52976944725
8336,37.4857916572948,"Female",711.465007942116,15,827.180574099442
8337,28.2908141250818,"Female",689.385267032691,25,908.78567529018
8338,28.8532686693725,"Female",638.525982284802,0,0
8339,32.6212327244544,"Female",769.749413692592,12,613.813348015275
8340,34.3102431223788,"Female",725.241620731323,0,0
8341,37.8500105447086,"Male",730.661363870288,25,513.533462976113
8342,42.693486496974,"Female",751.917413025907,10,276.33057932137
8343,34.9576807299932,"Female",693.190983984667,0,0
8344,30.2028415168101,"Male",689.437851443981,2,66.9928246225176
8345,42.2497419641495,"Female",785.583776244624,4,106.301674486714
8346,39.9281987811771,"Male",805.329958166812,32,853.412005780236
8347,46.1014294859032,"Female",761.219353771091,0,0
8348,26.2226339836522,"Male",710.937819813929,0,0
8349,38.6112336222641,"Female",747.449936785648,10,135.904651510687
8350,47.4735332575987,"Male",771.859394759069,34,805.922206945529
8351,43.0692166047836,"Female",737.116855415075,7,202.249768889735
8352,32.1721302196505,"Female",745.123206515173,5,202.874474784924
8353,43.1276994073789,"Female",784.672688106504,3,122.868627662079
8354,31.8965119100195,"Female",725.93451592976,30,843.527668682241
8355,34.8262174213914,"Male",752.083821269757,1,23.9495236780024
8356,46.3127399504035,"Female",730.494654333322,0,0
8357,35.9689828174694,"Female",737.542836232352,14,445.046109937385
8358,43.7998230147581,"Female",782.466830124823,449,13430.4345923822
8359,35.9614060385458,"Male",722.52343753401,0,0
8360,26.9654631667647,"Male",694.69259352239,0,0
8361,32.0582901213575,"Male",692.923778021341,0,0
8362,30.3803609662996,"Female",739.811471023246,14,833.339043912499
8363,34.6099660021798,"Female",736.576702092436,0,0
8364,35.645821536933,"Female",860.544674670995,39,795.800707238137
8365,36.9264947653685,"Female",724.054733412999,6,178.468863673804
8366,36.2972693999761,"Female",734.470511291224,2,87.0518722120802
8367,51.2454142912008,"Female",723.236108509356,0,0
8368,28.2980116390021,"Female",749.288024982809,4,171.462463476819
8369,35.0962298950455,"Female",709.927811728188,7,196.611597060239
8370,40.4435706967478,"Female",747.988961722062,6,184.018386702104
8371,49.3990958607078,"Male",815.463606066144,24,562.784575259021
8372,38.6196532699953,"Female",812.143296302438,346,9393.53972165227
8373,46.6740549588039,"Female",747.649636466705,16,255.054904841592
8374,26.4881112497241,"Female",681.634148693957,0,0
8375,48.1244956776494,"Female",774.771907411446,1,15.3601269029603
8376,33.1660787983437,"Female",779.960903767304,24,848.200752976388
8377,36.064982401823,"Male",734.022891559179,5,508.661156163038
8378,30.2340686807039,"Female",720.305515714158,31,479.729860234766
8379,38.9370852150062,"Male",776.142061119641,3,57.3577950767015
8380,50.4973733621209,"Male",808.484154571907,83,2443.93695835895
8381,54.9551434867611,"Male",839.2000320327,34,788.326015856078
8382,30.4621976851711,"Male",613.74622807077,2,72.7907750938365
8383,41.4015877728217,"Female",685.083421992238,0,0
8384,47.71965217121,"Female",704.125032617679,40,2229.05578671579
8385,36.6304022790082,"Female",748.740261930828,29,731.28977580999
8386,36.4727764160565,"Female",661.578777214006,1,53.4005886321009
8387,35.8665543181749,"Male",716.169249370742,188,8749.96229516035
8388,42.1848290687801,"Male",767.717315451574,7,289.494495615351
8389,47.7820058757103,"Male",860.391430610362,32,744.24025002509
8390,42.8133383286797,"Female",736.389047582672,54,2486.72622572347
8391,40.2413161000788,"Female",739.675419703712,27,1177.32753850421
8392,35.8869105195592,"Male",739.443084373527,29,1638.60920909138
8393,41.4884407989056,"Female",714.698081616041,14,335.465453052252
8394,34.1532415745827,"Female",562.481803035959,0,0
8395,36.0452044745393,"Male",803.699537004973,0,0
8396,45.6755941017821,"Female",739.847432131208,1,16.6587025883994
8397,41.0940916172517,"Male",707.435819086852,0,0
8398,39.6871140581828,"Female",753.456799539422,3,120.417670489138
8399,36.2107464125114,"Female",697.758601425318,24,932.000791363544
8400,44.5172303103942,"Female",799.560061276805,13,233.178837338174
8401,47.3443880976283,"Male",739.328131031109,0,0
8402,31.9150976528719,"Male",758.53335918385,22,1053.30166385353
8403,38.3884086826557,"Female",723.488084168526,38,941.949810719144
8404,38.3434683923434,"Female",686.111831232133,0,0
8405,33.9515099014737,"Female",758.715327881115,158,2587.97648497886
8406,31.008829408028,"Female",835.106669458107,0,0
8407,37.9829705399538,"Male",684.324279045365,44,2041.62408843362
8408,42.5885831796908,"Male",725.728942313806,9,251.148990475454
8409,48.3378959528359,"Female",706.544311243621,0,0
8410,24.6359304820455,"Female",773.507190918656,18,640.903555860786
8411,33.0829236868131,"Male",725.612506896488,0,0
8412,35.8199884739166,"Male",611.105032643175,0,0
8413,26.3579007853284,"Male",589.234956489619,0,0
8414,32.746265907454,"Female",765.197060943785,24,732.186631034009
8415,32.5585376857294,"Male",732.633720835822,0,0
8416,32.9420121009828,"Female",619.329701628229,2,89.8156733498383
8417,22.6781578059705,"Female",627.827733397566,1,28.6553402494518
8418,39.4939298520059,"Male",758.399076456095,0,0
8419,33.5765394462162,"Female",722.96744763983,1,18.6338873473912
8420,48.6434383568251,"Male",672.62227441202,0,0
8421,43.5716916459056,"Female",788.34121683727,238,6540.79240410789
8422,27.8252930440704,"Female",682.191660405092,0,0
8423,38.6887679470409,"Female",798.274819657878,61,2082.93126266746
8424,33.8436031103679,"Female",744.048273295208,0,0
8425,44.2179681804416,"Female",811.794278671221,26,1394.1892650279
8426,38.3714929084907,"Female",636.915573170272,2,54.2473284062272
8427,34.1008346190874,"Female",759.633147292333,1,28.3302948810472
8428,41.068779253209,"Male",795.772525114725,89,2331.86053858197
8429,39.0682571104969,"Male",763.413325584677,0,0
8430,36.847676927753,"Male",674.763816797033,2,58.6251908562198
8431,52.1392343503318,"Male",774.029391968337,0,0
8432,34.2942987957792,"Female",627.031449283366,0,0
8433,34.7044911891117,"Female",695.526961675351,0,0
8434,27.1784415318773,"Female",664.125492913811,1,30.2058793565949
8435,37.7163129369338,"Female",750.407886631281,0,0
8436,44.2324941382947,"Male",860.895037636891,0,0
8437,23.5002850434955,"Female",707.333172240707,0,0
8438,36.2495441594889,"Male",707.855433301676,77,2387.27432031042
8439,29.7284470134268,"Female",755.369892075595,1,46.0165482307332
8440,48.0935608551184,"Female",802.619012182115,0,0
8441,47.505268772152,"Female",774.953213711653,0,0
8442,40.3415199313845,"Female",708.163658046668,54,1806.36280168402
8443,48.0053665628016,"Male",793.172308145103,0,0
8444,31.9287750438492,"Male",750.320468514889,4,149.561136498181
8445,44.6545620748032,"Male",768.556920224207,0,0
8446,33.9049194395674,"Male",817.868466691871,43,1437.74218179518
8447,40.2467026576794,"Female",856.046595397976,46,1283.60120748449
8448,35.9042278833456,"Female",678.252920257881,29,594.019862883101
8449,36.0501984169485,"Female",748.221965676333,53,1362.55625589579
8450,41.8228061083067,"Female",683.849009662174,1,56.9450413170615
8451,28.8732519244859,"Female",679.385288599822,4,115.438567776432
8452,36.2435987447028,"Male",707.004148283002,343,8842.93793952441
8453,39.1970516160254,"Female",730.548895249915,141,8068.61524270921
8454,35.1757276487674,"Male",813.434246449566,0,0
8455,38.7326160858501,"Female",694.690777228688,182,5314.59588852722
8456,35.7678344928619,"Male",753.024891284698,71,2421.73410075782
8457,49.328407551184,"Male",807.34177648494,0,0
8458,42.9993202104203,"Female",761.098736317137,20,500.710713743712
8459,58.7610575888327,"Female",824.27901309458,9,337.781917778449
8460,32.4344567680855,"Male",684.782444853643,206,8724.96937576967
8461,43.7005614027594,"Female",728.182053388031,0,0
8462,52.6862156709126,"Male",744.034330927037,83,2699.06711245269
8463,40.106860386068,"Female",630.69871475963,0,0
8464,30.4184740071254,"Female",742.554776764118,0,0
8465,30.955742487377,"Female",692.094143317537,3,68.3754896749265
8466,37.7520980455767,"Female",724.441102448248,0,0
8467,47.1638705259739,"Female",794.754569755868,0,0
8468,43.252803406527,"Male",752.252586028206,0,0
8469,23.0314217067131,"Female",683.521750475956,3,109.538768793045
8470,33.0975212379336,"Male",692.834995118891,12,361.032321110596
8471,37.9366046729491,"Female",814.602926707836,37,1750.96262929456
8472,27.7930655892866,"Male",710.354726434529,11,669.687938046432
8473,42.8617075254641,"Female",754.564307447677,0,0
8474,20.7706516736946,"Male",731.305242788017,9,397.57842186071
8475,39.0030283482832,"Male",755.97830244146,0,0
8476,35.2614451661106,"Female",681.773704526981,2,67.9398419028485
8477,34.5618514007015,"Male",703.362905599777,4,205.536415332634
8478,36.0144678328356,"Female",689.187145514073,3,122.657423680083
8479,40.2035636329549,"Female",656.435589510624,0,0
8480,40.7742860455729,"Male",733.973730131621,0,0
8481,36.4207740227483,"Female",758.959733524049,0,0
8482,24.5253469876161,"Female",667.66808392539,1,32.0170629449109
8483,27.9253949117461,"Male",725.83610291562,107,2612.69007850275
8484,27.7123955821932,"Male",740.917229999052,0,0
8485,43.3330441282435,"Female",744.351089375863,0,0
8486,36.294695126901,"Female",705.152815995142,2,86.5581258395673
8487,39.8877362519261,"Female",704.557112237781,38,1348.0213966873
8488,27.0875073533093,"Male",687.29397026803,23,827.635134521915
8489,34.2508839531258,"Female",800.963139320505,0,0
8490,41.9371638122145,"Female",750.366171915072,2,107.906348066987
8491,36.7517171360606,"Female",707.145752356955,22,623.697755764489
8492,37.1940480965814,"Male",709.060206698349,1,21.4510630522421
8493,37.4955696952554,"Female",736.141539856306,3,126.925686477928
8494,46.4763686484841,"Female",765.996756396883,8,367.124005580093
8495,33.6957216944021,"Female",788.368985027826,61,1186.81587372798
8496,42.7328852082029,"Female",727.030582020992,0,0
8497,44.2901972387629,"Female",801.71770590469,0,0
8498,29.6747746753529,"Male",677.475303773789,0,0
8499,38.8488119487331,"Female",747.53399489625,0,0
8500,37.9214481970871,"Female",716.4807203367,0,0
8501,45.2039850351963,"Female",805.907207315854,5,306.228537543203
8502,44.4034240740373,"Female",823.076062205476,0,0
8503,37.9828061332431,"Female",810.716472437391,0,0
8504,38.9520668668961,"Male",771.082612978307,4,148.174040900846
8505,32.9589251853981,"Female",693.609147238607,1,35.849972531473
8506,36.6131296896415,"Female",723.627734462535,198,5190.72713355866
8507,30.7955383576621,"Male",727.453352331928,142,10780.4781632327
8508,31.2313087290317,"Female",609.325568845033,10,123.767101337915
8509,29.4543083775663,"Female",779.382778267354,8,184.81650753626
8510,43.8534539276139,"Female",698.111394416881,156,7301.10788087659
8511,45.8048025894678,"Female",734.446812918296,35,727.333932374764
8512,35.1093860295104,"Male",791.91146356599,1,19.7928356256914
8513,30.0971582139522,"Female",730.780288526744,83,1885.62542327658
8514,37.3844806775606,"Male",755.770267243733,41,1151.77219285998
8515,53.6933258531884,"Female",743.595046093216,82,2010.61826636891
8516,52.2891921952534,"Female",696.782998384544,4,155.136814092865
8517,25.9613976429498,"Male",658.311826649834,0,0
8518,35.5016534071433,"Female",751.605487603446,34,2520.47608343988
8519,48.7329634451361,"Female",802.058653861455,0,0
8520,37.7322913237283,"Female",735.364633502031,14,471.592882794883
8521,49.181892696285,"Male",747.838460766646,73,1466.10845422868
8522,35.6649022468308,"Female",745.994948010891,0,0
8523,42.2349014674076,"Female",715.583306773647,0,0
8524,39.5696886747518,"Female",764.278426324625,0,0
8525,60.6034864683604,"Male",746.741806573484,50,1575.77330011207
8526,44.4431679674076,"Female",846.400283880597,0,0
8527,29.5542265154886,"Male",573.413223427248,18,354.160935083521
8528,33.7728318158571,"Female",792.215386265947,3,116.756374393834
8529,40.5916469923544,"Male",709.009466071263,0,0
8530,24.6929954732428,"Female",756.693138790837,1,40.2426587239955
8531,25.3691303852573,"Female",623.093019547105,0,0
8532,30.1472417555135,"Male",693.904981426873,0,0
8533,35.564492754086,"Female",737.234367788608,300,14253.4884064659
8534,46.6723150404239,"Female",709.54198191016,2,40.515678156308
8535,36.080617046034,"Male",701.503018829549,0,0
8536,39.1366650089074,"Male",762.162908771019,1,39.1904713085683
8537,37.5477516317286,"Female",760.067957384293,0,0
8538,33.063340320824,"Male",657.802890251525,27,1124.91764495178
8539,47.5353808812569,"Male",712.275510425747,98,4274.31507041811
8540,30.3244076834168,"Male",721.331583130742,0,0
8541,36.4009653701718,"Female",800.072955127473,10,195.935790724233
8542,35.5652034357281,"Male",764.050080134947,0,0
8543,41.7249003365471,"Female",669.203047392215,51,1582.61674903141
8544,49.2506419358283,"Female",731.748388841269,27,1348.46962485605
8545,41.5967016828162,"Female",652.879503328642,3,150.933257790743
8546,47.6766121240112,"Female",802.249629589683,0,0
8547,43.3416793398493,"Female",706.472430543193,14,412.32801004792
8548,33.6279081875612,"Female",720.340408911857,0,0
8549,38.5708066030029,"Female",766.169497719797,22,363.612953359575
8550,47.6325537795534,"Female",756.245078935721,0,0
8551,27.0711394969007,"Male",658.736865346699,0,0
8552,40.2733946241629,"Female",746.5771201312,0,0
8553,36.9024677813343,"Female",664.140545643403,28,1501.42891945821
8554,44.1444870251405,"Female",871.156374662006,0,0
8555,43.2511660262645,"Female",624.96167721321,0,0
8556,40.1073738268998,"Female",850.505929183794,0,0
8557,48.4496778206052,"Male",793.918879815274,27,479.020059855083
8558,27.3215433988121,"Female",672.777368335489,82,3554.89337075942
8559,44.3750229094021,"Female",766.868086609327,0,0
8560,26.9432758049972,"Female",698.415367616941,146,3028.23629608794
8561,42.1140137998301,"Female",858.965473488352,1,17.692797360844
8562,38.6274960720051,"Male",846.281599325218,1,23.8867602776703
8563,44.7708315986489,"Male",792.654745528245,0,0
8564,38.5516864704038,"Female",721.445472221567,0,0
8565,27.0191011445974,"Male",708.63956806086,3,122.382175608367
8566,23.9452377118874,"Female",652.78040880351,185,5931.09280921433
8567,41.7868146696713,"Female",697.490525846648,10,340.245284185855
8568,37.486363813241,"Male",717.242035542169,7,198.527650038992
8569,34.0028712450934,"Female",798.55254640546,4,131.552086860567
8570,35.8225207810245,"Female",703.552265510839,13,613.755229855793
8571,33.3000945302904,"Female",733.698498017167,47,1078.62275363813
8572,36.8986168354331,"Male",795.334843303057,38,763.022961708501
8573,31.4808645030009,"Female",735.643128838041,1,24.0421062640966
8574,24.1189336437091,"Female",718.745063619656,1,29.8307274305802
8575,36.4628013702544,"Female",696.696905003584,18,575.349333861274
8576,45.3169310862368,"Female",762.03457089241,10,406.178861738034
8577,51.1413069640977,"Female",724.08076815582,0,0
8578,38.0182433717002,"Male",696.27500700267,2,59.175906197355
8579,37.4353104570358,"Male",674.256433449105,98,2337.75585556551
8580,44.7408759686791,"Male",732.082551725059,0,0
8581,38.3749971158256,"Male",751.872380549456,0,0
8582,34.9557111376297,"Female",719.834205005628,0,0
8583,25.8389192126038,"Female",648.739915489787,110,4769.18504923056
8584,29.154130801523,"Male",658.801561123515,1,17.6426056381398
8585,40.8441595844849,"Female",675.493152430178,27,1261.76160735744
8586,27.7824222255417,"Male",724.052386779346,259,4256.40309619639
8587,45.3392015910829,"Female",769.725726264503,0,0
8588,28.5749862238486,"Female",635.026811145583,0,0
8589,36.6450060932055,"Male",645.838489620163,0,0
8590,37.9836483002043,"Female",730.446639203157,6,330.075125388619
8591,37.9101918629297,"Female",710.715124124374,2,101.070623840317
8592,39.0636312538908,"Female",676.833608587801,0,0
8593,42.1895779198076,"Female",798.590794665853,8,194.993241453524
8594,37.116512938912,"Female",728.039288207442,6,279.156892521216
8595,36.2602510390726,"Female",727.787864190377,0,0
8596,39.1222917643324,"Female",768.144686461904,16,429.060905563552
8597,34.9645064088191,"Female",745.912667722437,14,398.931147651933
8598,48.7618869337019,"Male",749.887916929746,4,48.5132447823663
8599,22.8082739636875,"Female",631.702006786052,0,0
8600,45.18903233504,"Male",814.680512260956,125,4619.83488463258
8601,36.2606194676705,"Female",643.242568237401,41,1477.46819692024
8602,40.9562427008267,"Female",811.84118032271,2,106.349602566402
8603,44.9135730554777,"Female",727.690452708557,1,17.4849508219016
8604,43.8489772042452,"Male",855.320271199402,83,4449.85669095591
8605,33.3763469866801,"Female",709.891015809403,1,41.9847512892695
8606,48.9484864530428,"Female",739.274610083112,4,293.753461098671
8607,26.6391684529592,"Female",701.977348697537,52,2188.28745932884
8608,44.0472746143529,"Male",817.994205394349,6,130.310573905562
8609,34.4187805859466,"Female",632.773831587321,0,0
8610,24.5784448218822,"Female",678.335894734613,46,1137.5528750403
8611,24.9393030596604,"Female",709.54596890825,395,13007.4763133537
8612,39.7162534440778,"Female",746.537301188066,17,361.16304028262
8613,53.5647401133565,"Male",786.491796938825,20,404.354009886425
8614,39.9136324490113,"Female",723.57430491887,1,48.0737664414328
8615,45.915493561698,"Male",700.728144490214,12,444.340813954383
8616,43.8706856184207,"Female",894.678031398421,2,67.9041056151821
8617,33.4176930548526,"Male",647.683731922859,17,451.346147930168
8618,44.6777268493558,"Male",803.220381559067,14,591.179363804331
8619,40.4706602584253,"Female",686.01991442101,14,1319.97494819007
8620,39.4461950485473,"Male",638.39395230324,0,0
8621,45.0077926401717,"Female",762.559502768406,7,200.60845651531
8622,43.2321639414819,"Female",855.144896434117,123,5316.16268155862
8623,33.613976142938,"Female",752.301462070634,0,0
8624,40.766565801557,"Female",660.417420296676,0,0
8625,31.754824321681,"Male",682.340687264177,60,1170.52977208268
8626,42.4157288706424,"Female",709.731773316363,24,706.324271480728
8627,34.971063717008,"Male",667.656596374794,18,317.247515701382
8628,41.1649705095296,"Female",794.875575374664,107,3314.75888015001
8629,40.5759933163744,"Male",865.630001040695,148,4492.06465921175
8630,36.1072875723666,"Female",655.65604450112,9,323.022379222527
8631,41.2585883239908,"Male",784.888987240064,4,194.732248614861
8632,42.0204935793888,"Female",692.73908105569,33,784.379658672237
8633,36.3851000688981,"Female",783.870636832438,0,0
8634,46.2056975581172,"Female",769.646901790819,3,203.549372373119
8635,47.7489189471318,"Female",749.084777314522,3,67.0027244959188
8636,33.3660612100329,"Female",755.600721301777,4,93.3574644434771
8637,32.5584155529249,"Female",828.19908998188,0,0
8638,41.5947700523615,"Female",815.387638938155,0,0
8639,31.6068143337111,"Male",704.990538993522,30,1726.24476369252
8640,34.8540333632479,"Female",762.331328580722,0,0
8641,43.6205288937253,"Male",696.156543171303,1,46.8393312743666
8642,33.9856620431323,"Female",743.465987336704,35,698.575807141695
8643,24.5031238250617,"Female",741.536857054348,114,3606.94462040236
8644,42.650735836755,"Male",770.905183655481,1,27.065533089288
8645,26.7822184334402,"Female",670.523885574429,86,7602.18904333017
8646,28.5177981978231,"Female",703.299084231532,0,0
8647,16.8744712440747,"Female",641.547483993345,11,591.822582310338
8648,43.8186647556104,"Male",773.599156123141,0,0
8649,39.7576796219314,"Female",723.761504388604,0,0
8650,41.2360542615893,"Male",732.566674380643,0,0
8651,43.9135455625627,"Female",720.111297053085,49,1698.53167026343
8652,37.7061993297491,"Female",786.478107946846,51,2025.25405748126
8653,30.2609686600998,"Female",727.652702053535,7,152.727823337487
8654,41.9464295663161,"Male",698.157005516222,0,0
8655,47.1235532907377,"Male",773.929338579059,0,0
8656,27.4984534354374,"Female",675.087925128921,0,0
8657,33.7510753541668,"Female",726.415026942654,6,261.062535813078
8658,35.954284540404,"Male",821.163678878195,226,8509.13085489091
8659,28.9722165967348,"Male",654.866959525948,6,124.371964016251
8660,42.8587409414229,"Female",759.57541218064,4,106.383271526382
8661,33.8057266797202,"Female",650.227434715723,0,0
8662,46.7983465078015,"Male",791.195910024922,30,846.583978460627
8663,38.3745560953915,"Female",663.045509290471,0,0
8664,43.096647623703,"Female",664.201701728413,0,0
8665,48.9276864774743,"Male",794.643707322461,15,443.337083329003
8666,39.8593732751803,"Female",702.052563969147,6,79.7375401024414
8667,45.5370838144509,"Male",658.064604157246,0,0
8668,39.4748855217547,"Female",672.201484018298,40,1069.67728572981
8669,27.4182853192434,"Male",756.0315006327,0,0
8670,38.1568158193954,"Female",743.262202167437,107,1512.67183590274
8671,43.0269534422947,"Female",759.477100291169,0,0
8672,41.4261991248959,"Female",788.938735668798,17,977.903395770072
8673,36.7827815788521,"Female",740.278840569469,10,167.2071955543
8674,29.4761035793212,"Male",549.364182502517,57,1053.8048330023
8675,42.5247885809662,"Female",748.55852547811,3,188.666331628368
8676,31.5848078015648,"Male",645.045853169356,0,0
8677,29.237235903021,"Female",661.049913450364,0,0
8678,42.1644940288385,"Male",665.041438013082,95,5058.0659281062
8679,29.3703253436712,"Female",726.565857986486,0,0
8680,39.710550904343,"Male",853.414471964519,0,0
8681,38.0194052974052,"Male",758.385459371304,70,1289.32928308673
8682,28.702532197821,"Female",802.715207628593,89,5903.3866120229
8683,46.2578748828294,"Female",747.167173511885,126,3505.14031633537
8684,33.8503650059575,"Male",694.678842186178,0,0
8685,46.3998482143567,"Female",798.504639811847,55,3897.79018780395
8686,34.6747642427151,"Female",661.405647216905,139,4127.32311324829
8687,33.9746003269443,"Male",655.715553239102,1,34.4685398723619
8688,37.7814178277405,"Female",584.93259481719,0,0
8689,35.4936010281508,"Female",615.194894227417,13,392.610873244592
8690,35.5037924564659,"Female",704.428668747969,0,0
8691,31.8563493159639,"Female",721.801254372367,0,0
8692,29.5097201237543,"Female",691.029298737301,0,0
8693,42.2930063308092,"Male",651.704053866385,100,2106.50759409017
8694,32.3565766097627,"Female",659.367512731037,2,65.2450053937447
8695,28.3648014906377,"Female",665.6352307532,10,736.289780630573
8696,34.4450647058552,"Female",768.305308027262,35,1369.51527683463
8697,32.3934515928386,"Female",732.98235473235,22,530.250798204296
8698,22.6505002003095,"Male",646.60213684278,3,170.186031560138
8699,35.9634399551263,"Female",647.161792690023,0,0
8700,39.1702188481236,"Male",729.189050539973,147,4561.46719432815
8701,40.0628464953998,"Female",651.36894339155,0,0
8702,40.7491888579451,"Male",708.903365812862,1,23.6799220744012
8703,30.9940940089943,"Female",697.584028547682,0,0
8704,35.719910161236,"Male",788.286001247941,0,0
8705,30.9415583619981,"Female",757.617788217969,35,1034.24767547925
8706,33.5519796257636,"Female",730.851192029186,91,1406.67863633665
8707,29.5311151840886,"Male",697.793424940786,0,0
8708,30.1847533954312,"Female",686.153944089524,24,905.856914264955
8709,42.4091681380315,"Male",777.330120099605,0,0
8710,36.0923490087496,"Female",658.572036350069,15,1100.94859299858
8711,36.1881118213493,"Male",710.856151908476,0,0
8712,50.1069072592405,"Female",831.873200674845,6,96.5510525247108
8713,37.5912548421484,"Female",692.103473125694,0,0
8714,34.2405535077376,"Female",646.388051440463,54,1237.53062749972
8715,43.2310068731602,"Male",749.738678320433,0,0
8716,34.5891951522719,"Female",738.525480682042,0,0
8717,47.6103544703565,"Female",848.157941704633,12,481.443055173698
8718,35.3562934754765,"Male",680.694078417195,0,0
8719,33.6869317011712,"Female",694.730104588608,90,2117.94651410594
8720,29.8231246424772,"Male",771.469801702547,0,0
8721,40.3004825101376,"Male",727.506356570977,7,249.428828327652
8722,48.2655743920812,"Male",780.008540645592,0,0
8723,35.5079331843776,"Female",750.038972337182,83,3746.65015237039
8724,39.830273493142,"Female",803.800429196851,0,0
8725,40.3333019862301,"Male",786.848768960187,3,138.331403957663
8726,47.9553526821668,"Female",761.817424815005,3,61.3744200028425
8727,42.6471362046632,"Female",683.483268278229,3,65.6414880371271
8728,30.4844139101328,"Male",707.488373233093,0,0
8729,33.1216875773328,"Female",756.359802847956,1,42.2679241024673
8730,32.7770868014581,"Male",782.169271918558,1,40.6907096119758
8731,38.9910101049255,"Female",770.229671170074,0,0
8732,37.9723694548854,"Female",657.78259063491,5,112.112207893042
8733,40.5755625076424,"Male",748.037843107195,0,0
8734,33.3985995971193,"Female",663.626692891315,0,0
8735,35.3655733088726,"Female",702.225458155805,0,0
8736,43.1895204229756,"Female",694.644921545438,18,1312.06663346653
8737,37.3027527048607,"Male",817.280376435664,21,735.526211988894
8738,33.4199708497503,"Male",711.054764569256,0,0
8739,44.7981506184289,"Female",847.465762890296,14,291.301972706795
8740,38.0944741809787,"Female",647.181069229714,1,32.3631027678406
8741,31.5842573308492,"Female",675.579900927794,55,1648.66149668364
8742,49.9678199288315,"Male",809.666986902036,218,3923.85637701309
8743,29.8232930703734,"Male",682.856378711569,0,0
8744,25.5327461789323,"Male",795.888455673742,0,0
8745,22.2280728600225,"Female",654.094197804847,198,7989.57395809777
8746,42.5578817868269,"Male",639.825541936899,8,192.870818070903
8747,34.2701716207806,"Female",718.209140016105,0,0
8748,36.071084501194,"Female",708.343247653649,0,0
8749,40.0273888084033,"Female",733.165801296667,12,221.323358882973
8750,34.7346115674647,"Female",682.915584740501,14,704.618199082666
8751,26.7435787753872,"Male",665.94765310132,0,0
8752,24.3515134277061,"Female",653.418816853973,0,0
8753,35.6151005723831,"Female",706.495094104056,195,6002.59690519367
8754,39.2230786913192,"Female",680.235705501009,13,401.776406858302
8755,22.0555570745594,"Female",741.954694501014,0,0
8756,40.0336713666296,"Female",696.128175191389,0,0
8757,40.9561445023153,"Male",806.834580383527,43,1456.20444083177
8758,47.063161542447,"Male",688.475621884983,91,2503.96257198852
8759,39.1529981300177,"Male",779.570432849729,17,771.340241924037
8760,39.4346768856016,"Female",708.143280266168,0,0
8761,42.2322253870806,"Male",753.274427528369,9,305.625974990948
8762,37.8660146158175,"Female",771.820271681432,0,0
8763,37.4419995683483,"Female",686.469240375449,4,208.528670094734
8764,38.8118912508196,"Male",748.305399509607,8,253.688589237491
8765,43.2092135483387,"Male",747.393187314413,0,0
8766,34.9809657753062,"Male",669.015382147794,1,39.8587881308371
8767,34.5032973366214,"Female",752.345143151064,0,0
8768,31.94386546271,"Female",600.744485885938,2,103.397951789433
8769,31.2956990170969,"Female",791.087666260765,596,11034.5804976369
8770,40.2875997993705,"Female",800.678861346584,115,6253.32601017636
8771,48.8316055797962,"Male",756.410972746159,1,14.9161697222876
8772,31.217983017949,"Female",692.040370061215,0,0
8773,36.6809170161838,"Female",747.390183243066,0,0
8774,30.7899918698086,"Female",688.101078920463,0,0
8775,44.3566050930235,"Male",743.304511267333,0,0
8776,35.7783269470431,"Female",738.824851426921,31,680.425653253155
8777,39.253027765783,"Female",733.026395395506,0,0
8778,40.4361973141042,"Female",826.818568966571,0,0
8779,30.6200468510789,"Female",695.072690507178,13,351.955190002369
8780,37.2667899832251,"Female",688.034128732908,0,0
8781,36.4016016803383,"Female",672.577080455341,49,2425.63220383551
8782,42.7274889369928,"Female",719.881435174394,31,1421.59075082259
8783,29.3672871454558,"Female",659.382641279931,0,0
8784,29.6002691890405,"Female",756.054924609435,0,0
8785,43.3610660363127,"Male",762.470253373939,0,0
8786,33.8833149710192,"Male",716.416213891435,29,847.784238493373
8787,33.377929190171,"Female",721.521871565699,2,167.180476150972
8788,38.7910946553814,"Female",691.009459849117,3,103.519608239652
8789,35.7572084021977,"Female",844.818312807883,7,298.029379658596
8790,51.0646704785715,"Female",813.632497659767,14,617.912423232357
8791,39.8167201903746,"Female",778.657181513459,58,2656.69574844953
8792,39.1309204964265,"Female",745.904586029046,3,168.266310281781
8793,44.5175243653475,"Female",761.512455672581,9,268.263621731455
8794,37.5803727551827,"Male",766.642023286216,41,641.946088022266
8795,38.3411779005421,"Female",756.742133680859,120,9707.93872073054
8796,30.4898721948623,"Female",750.497338096125,3,86.8464705336407
8797,21.9491999866353,"Female",663.619212037188,0,0
8798,29.5495520495496,"Female",772.224476740924,51,3114.31447473789
8799,38.7987660085803,"Male",662.726686650803,10,400.825355886871
8800,30.7669204462624,"Female",803.601284995962,0,0
8801,42.8216542663944,"Female",744.356935588272,0,0
8802,43.075581123724,"Female",759.580051229708,280,5037.07744565738
8803,39.5216614765736,"Male",735.657034642593,43,1300.1754999154
8804,36.5884028786714,"Female",687.612608163304,0,0
8805,28.4401709758792,"Male",681.996148950687,9,358.79541835026
8806,35.8374367392599,"Female",803.334761672529,0,0
8807,34.8296797942394,"Male",828.187109114196,0,0
8808,42.6426040116385,"Male",695.090473788559,1,15.6250268294525
8809,47.1604067572409,"Female",779.24366001639,9,387.966307682739
8810,41.5072821692615,"Female",717.640512692022,0,0
8811,30.1019802536184,"Male",714.821759053773,68,1201.6713288194
8812,49.6969811377872,"Female",786.517857643491,0,0
8813,45.0724712271649,"Female",729.341463926502,1,55.8647126858492
8814,39.5646485111212,"Female",753.059010654127,4,111.699109150263
8815,22.5546078475326,"Female",771.06757338489,0,0
8816,31.3179006701279,"Female",659.90686578106,71,1756.90360574721
8817,37.5199885295283,"Female",712.667410357466,0,0
8818,43.3291413109569,"Male",764.847864755041,22,1304.80216903719
8819,29.740670600292,"Female",727.893464764198,8,217.964168507322
8820,60.478392697371,"Female",804.814402169264,77,2024.11666038733
8821,20.1232260433442,"Female",697.701379654767,0,0
8822,36.3484623546615,"Male",720.816818423955,50,2451.32547446995
8823,36.18306149717,"Female",738.048324820798,1,44.4059438344365
8824,33.3564315836657,"Female",716.63436299405,24,563.631251614574
8825,35.767065024217,"Male",773.123705457364,0,0
8826,43.1967661030062,"Male",785.117779047125,27,655.414688176276
8827,31.8799512694996,"Female",714.685369502209,0,0
8828,23.4203036358771,"Female",755.917254561536,58,1665.20609488037
8829,38.6563753196715,"Female",744.48843374924,114,5452.39841458038
8830,37.9872613159804,"Male",762.902614224631,0,0
8831,37.908295433399,"Female",745.12013005008,8,221.710427424878
8832,42.6757765219067,"Male",717.404336285854,0,0
8833,37.9078260793349,"Female",770.424984889536,105,3454.77622417751
8834,43.4323292133341,"Female",657.771894513445,36,1201.42746426513
8835,23.9248526715532,"Female",643.347316026131,0,0
8836,30.1027365351974,"Male",741.689533058107,1,64.8726012128057
8837,40.4415970011,"Female",803.338672472372,3,92.216837101765
8838,35.5297106253215,"Female",651.24397901945,5,127.420324295612
8839,44.6134221854234,"Male",812.970111241915,1,18.5698718009715
8840,30.9669610323148,"Male",646.191455128803,108,3536.35549752755
8841,43.0673191274779,"Female",719.385942681648,17,1194.64304036509
8842,33.3181708130674,"Female",653.479904187383,10,386.000815803283
8843,30.2087186439894,"Male",701.520485001108,16,474.29759616177
8844,35.6003636744314,"Female",729.258018255161,107,5655.69547015492
8845,38.3484552621812,"Female",755.649187367214,2,35.4710837917023
8846,29.4062262693213,"Female",687.101001488709,0,0
8847,32.6519586242079,"Female",716.9731928859,274,16991.2426574292
8848,29.2767255686748,"Female",722.980997972716,15,473.776065219354
8849,45.1174178443184,"Female",706.731136360201,0,0
8850,43.065288368412,"Male",714.138112424407,0,0
8851,30.7723100402642,"Male",781.238525151147,0,0
8852,41.9014220288593,"Male",598.04740040739,11,1017.99464830759
8853,36.2109300383033,"Female",776.42461826588,0,0
8854,30.2062576999733,"Female",763.620484845946,21,447.27090270406
8855,40.9483820773036,"Male",810.393174531839,3,83.3003979967059
8856,35.7393478170754,"Male",707.140256392293,88,2109.88107761784
8857,44.1612593083407,"Female",794.483126934388,0,0
8858,36.6359547525687,"Female",740.679827144128,0,0
8859,46.3163848747264,"Female",727.050294526267,0,0
8860,34.4316484176243,"Female",750.937344355407,8,490.720020703391
8861,39.5368360761131,"Female",757.128049477877,0,0
8862,40.5920609495519,"Male",722.324994472048,0,0
8863,39.9537587561142,"Female",716.85663383678,0,0
8864,39.4135970611933,"Female",724.946481514216,231,13986.8932662028
8865,37.9090242029806,"Female",758.79914077502,0,0
8866,37.3639449574576,"Female",729.474193522892,0,0
8867,47.5552195572319,"Female",695.057091498232,14,302.711233330785
8868,44.3569139821822,"Female",768.499668451832,0,0
8869,33.7307828001867,"Female",702.842528209877,15,813.261131444347
8870,47.7750605485362,"Female",801.365944472023,0,0
8871,39.0135886131591,"Male",676.601851265587,117,4608.3300301071
8872,33.5157525988329,"Female",625.11942119531,0,0
8873,39.1886158169097,"Female",712.678378149486,0,0
8874,36.8996875880541,"Male",698.846837232645,3,187.681600118645
8875,38.7065771618227,"Female",769.931328086993,10,185.949836030802
8876,31.186240920962,"Male",620.088171249986,21,826.486329656567
8877,32.2612230732276,"Female",663.35604490689,20,830.497074335255
8878,47.540432783178,"Female",756.321027552816,0,0
8879,44.7295965137189,"Female",717.374568619724,0,0
8880,31.8139286791922,"Female",705.879695578352,565,19434.0108251529
8881,31.6993551919457,"Female",655.183052406602,0,0
8882,50.0633319295778,"Male",728.97726486343,102,2942.24752099621
8883,51.3632951349025,"Female",728.113251845979,0,0
8884,32.5600116290132,"Male",630.486617700944,3,38.5961079621948
8885,28.8838631617082,"Female",725.803460698213,132,4935.97492068052
8886,56.3644661677308,"Female",762.039927340075,36,1321.34635336123
8887,39.6074024004277,"Female",711.025152309541,0,0
8888,39.3072492449932,"Male",793.369674298855,0,0
8889,38.532956444652,"Female",768.986049075794,4,75.4942408855008
8890,47.8340213042493,"Male",728.818112094649,22,697.571048480614
8891,36.6579443526458,"Female",773.973473293536,24,1348.77097834091
8892,48.2157451490926,"Male",745.698567587852,17,872.003627312973
8893,36.4554118420582,"Female",707.803803895989,0,0
8894,41.536021203912,"Male",752.930298595837,31,1490.42989527248
8895,30.7655209574899,"Female",719.322543105809,0,0
8896,39.1933143002145,"Male",732.202629267891,0,0
8897,46.4046771262435,"Male",746.614650913154,0,0
8898,36.8561585966398,"Female",750.569495012287,18,390.256229657425
8899,46.9773310418585,"Female",810.640504640182,0,0
8900,57.0903747153789,"Male",771.577444648382,24,874.996391738629
8901,44.5934695213165,"Female",826.368522332962,0,0
8902,36.2597017390431,"Female",687.029248738447,5,175.564874084354
8903,38.6753520179454,"Female",836.098913721316,1,39.3752858319987
8904,34.9624834108878,"Female",765.902101433612,1,34.9495573859683
8905,53.250675072161,"Female",761.675757307546,0,0
8906,17.2885426660891,"Female",565.583037003266,6,105.901246408862
8907,38.5662176743938,"Female",715.796180679118,27,880.378434049344
8908,38.7709646323205,"Female",718.932997737428,0,0
8909,39.4941382841886,"Male",810.730030294232,120,4222.26569891819
8910,27.0952627115737,"Female",720.097591829661,33,1798.2851816363
8911,39.5134808238043,"Female",647.484665867689,4,232.338484684459
8912,39.3136467191851,"Female",751.575303713329,189,4527.70013225801
8913,46.8103548764952,"Female",713.290677904573,124,5920.64172329111
8914,41.6646244663628,"Female",659.949218287519,92,2363.33087728381
8915,45.8081799423597,"Female",803.376377988544,6,338.287291885694
8916,31.2974843048067,"Male",743.977738701937,37,1747.50475146699
8917,37.129160941012,"Male",711.386346611919,0,0
8918,39.3421648033498,"Female",809.900078436486,19,294.348385735392
8919,39.9055207542234,"Female",724.106293749497,0,0
8920,33.1432987542872,"Female",635.160676527091,71,2245.37683957428
8921,48.3542034459649,"Female",810.610214891519,15,391.76391618375
8922,33.7176308485006,"Male",687.402851116675,0,0
8923,26.6998301794845,"Female",706.965068870852,51,3276.03281241906
8924,40.8174307741347,"Female",696.290202448094,40,4123.60071751236
8925,42.6518881310264,"Female",682.732676956095,1,41.0777726741643
8926,44.6088894969646,"Female",775.89829975462,0,0
8927,31.376174416042,"Female",669.1941717168,47,2494.88271322071
8928,36.2619808553277,"Female",701.707337578435,24,1014.01252260429
8929,28.7009447202265,"Female",742.306929313767,1,44.2755312311193
8930,43.9133461946924,"Male",623.621097245118,0,0
8931,40.4338771270705,"Male",694.440747654953,0,0
8932,44.3963381050177,"Female",829.667046726873,13,967.159841127053
8933,42.2579218736648,"Female",746.504458716529,0,0
8934,33.7471640853686,"Female",637.082307738098,16,887.036428359662
8935,39.2576064961029,"Female",735.301880487062,1,34.412981652623
8936,24.6411340640784,"Female",696.198057639624,1,70.9836769213313
8937,41.5206238038237,"Male",705.768357271373,0,0
8938,44.7822940743495,"Male",720.079976910953,20,744.76320813569
8939,31.8698401195867,"Female",713.658278641061,105,5432.12200640323
8940,23.047828229114,"Female",731.130628204466,0,0
8941,27.3402069289049,"Female",659.950219934527,100,3576.49801009026
8942,30.2081725447975,"Male",746.435931442463,0,0
8943,46.6868872687513,"Male",666.687379158368,25,1274.28487906801
8944,38.0243735454409,"Female",833.615956621712,10,669.05834220489
8945,29.3354378980485,"Male",746.560638487146,0,0
8946,41.8898938322862,"Female",714.539776096237,5,207.264459539314
8947,22.7179545544807,"Male",682.974136145487,57,4417.44631282425
8948,36.2708288003193,"Female",667.185570371968,460,10704.3104361624
8949,45.7899984931051,"Female",710.724602340653,0,0
8950,35.6082873409364,"Male",741.700787749133,0,0
8951,47.1380683949875,"Female",658.187907162519,118,5997.69445336619
8952,50.5672671000856,"Male",805.564262424809,31,776.477512561051
8953,29.8251534076859,"Female",751.294613118776,45,1720.20225683361
8954,29.9339866251259,"Female",715.914153699899,0,0
8955,31.5988117145805,"Female",675.383953284262,0,0
8956,41.7010962277354,"Male",776.785139465152,9,288.297254849454
8957,43.8455524893401,"Female",741.371982558988,0,0
8958,46.4639588186407,"Female",848.180627085222,0,0
8959,47.0963078175257,"Female",786.456630936471,11,333.815707107201
8960,45.5301261294693,"Female",849.587663073297,0,0
8961,44.5786071646001,"Female",723.261169215285,139,3763.22562427138
8962,39.1436228538474,"Female",795.083634685931,12,401.554835710291
8963,31.7830300895173,"Male",763.816548131471,0,0
8964,32.9168731207055,"Female",750.61577721583,47,1147.81728055004
8965,40.8531790392962,"Male",831.167921743314,10,184.462274195574
8966,49.7847543747625,"Female",828.269791355388,50,2313.77911878973
8967,49.9418587649523,"Female",824.860708102924,48,2457.00045838171
8968,24.5168330942174,"Male",762.39790307539,0,0
8969,32.1620138934007,"Female",680.622773007708,39,1871.56441159225
8970,47.9339276143323,"Female",798.227419721894,36,632.373142779712
8971,30.5512319948653,"Female",775.058768823802,0,0
8972,26.7049576926369,"Female",606.51043415569,26,918.663660914968
8973,42.198677620882,"Female",809.00018026899,14,416.206649014467
8974,50.1307529377094,"Male",716.527238340902,0,0
8975,51.5415319372041,"Female",700.91611747877,0,0
8976,41.7297440296956,"Male",740.051169446897,19,577.310345989961
8977,43.0376602921385,"Female",663.369673511225,6,198.470078959614
8978,41.9206537002863,"Female",707.041879240185,38,765.021466213853
8979,37.8733914783802,"Male",775.997872829626,45,1966.00750781306
8980,14.3978264221464,"Male",667.355241099291,26,696.1278880235
8981,43.3249227133183,"Female",814.229016569117,0,0
8982,35.2614120342975,"Male",739.586482000571,0,0
8983,45.0693085666829,"Female",669.650788428844,1,32.60637347012
8984,33.6111879704838,"Female",663.356062834268,1,61.7409368484672
8985,26.557958413487,"Male",707.66319122252,3,92.4544725634065
8986,46.7166985642134,"Female",738.789461346879,0,0
8987,39.2696421258878,"Male",783.159036573114,0,0
8988,62.4671298478992,"Female",814.94633768524,50,2223.03937998171
8989,44.4091433932884,"Female",697.751067005438,51,1978.57936839999
8990,45.3395456219837,"Female",728.578200308967,0,0
8991,43.346774558544,"Female",800.979746425654,44,1482.41941117187
8992,33.7762883619842,"Male",674.058261069542,0,0
8993,35.4069923610806,"Female",651.205184429404,0,0
8994,45.4187815683355,"Female",784.514547857965,5,233.773810271631
8995,45.3857737088757,"Female",765.294259522864,133,7657.07370543565
8996,42.0808051278422,"Female",706.40601128811,0,0
8997,31.0940279512232,"Female",710.972759601193,41,1367.77049582966
8998,49.7923526822079,"Female",777.05839528836,0,0
8999,28.4321126802216,"Female",666.965117322244,0,0
9000,34.9674995597222,"Female",743.140165296102,0,0
9001,54.2754094560059,"Female",748.150279885101,1,82.7614145844653
9002,41.6688552680576,"Male",727.848758201203,17,491.802001686182
9003,44.7951339148601,"Female",791.527868641285,4,182.291133446533
9004,40.6388137800683,"Male",727.639555942148,202,7272.99575062764
9005,31.0284662242049,"Female",629.591214888627,192,3979.53243054726
9006,33.8176196086637,"Female",708.233356753224,0,0
9007,39.1567599615611,"Female",652.47256007087,0,0
9008,17.500659749957,"Female",646.160338566843,35,1622.4827764812
9009,32.0646004139502,"Female",684.343011399628,21,957.545567594014
9010,43.5900915855641,"Male",909.496263970696,3,105.46397117512
9011,35.9108080842435,"Female",752.292703746404,7,231.858934271922
9012,36.0147203613824,"Female",750.144969020734,320,11873.4178654646
9013,44.0866351465413,"Female",762.269814601759,0,0
9014,34.1895130071072,"Female",696.108778425411,57,4422.5728595817
9015,42.4016226476432,"Female",613.346425199407,33,763.62896729057
9016,28.0436587943823,"Female",794.766572948002,262,6310.26513850705
9017,29.40741156666,"Female",682.409715366059,9,641.16568475381
9018,26.281261389789,"Male",655.7416934826,2,68.1694692826926
9019,38.5907893757142,"Male",704.273919622438,53,1457.60866044036
9020,36.5571203522072,"Female",783.419484149967,1,43.1723752169626
9021,48.0931014819744,"Female",801.563797146038,303,23610.1347693456
9022,37.7075252763024,"Female",799.201866006502,0,0
9023,47.4762813443464,"Male",776.402301098406,1,40.2105767797103
9024,51.6165769314598,"Female",769.09941851697,71,3077.60511493777
9025,34.563432364043,"Female",711.178567713486,60,1884.72693766308
9026,40.7190735246123,"Female",664.298505587776,248,14087.9744884991
9027,32.0857471856981,"Female",729.237014824224,3,105.893852169202
9028,43.1659325750976,"Male",732.629078848281,0,0
9029,30.441677681013,"Female",692.176774540492,0,0
9030,30.8146828662946,"Female",765.078661633861,0,0
9031,40.0215535310521,"Male",800.625334270096,0,0
9032,38.6356792350102,"Male",858.591781316122,0,0
9033,39.8383622369786,"Male",762.761453548648,24,1221.89509227252
9034,38.4853443895388,"Male",730.713542755967,0,0
9035,34.2994932680022,"Male",677.481906096398,77,2393.23352840007
9036,37.0885848483686,"Female",729.598924380431,48,725.245342359682
9037,49.3411112104907,"Female",854.053195951774,0,0
9038,37.8747341367357,"Female",721.811621227163,0,0
9039,28.770574207355,"Female",791.746654688343,2,71.9333005586966
9040,32.0880788759311,"Female",705.126396650514,7,185.013423546302
9041,30.2872958925623,"Female",721.378396833831,6,113.382853471407
9042,31.6993689989475,"Female",839.144126189787,3,38.8221527647981
9043,29.1724125612426,"Female",708.8754798031,3,102.546606594977
9044,19.6190576826197,"Female",606.221914375182,1,54.0500087249546
9045,42.683460244334,"Female",714.368240362155,200,6577.8808047722
9046,42.6202905646154,"Female",695.015054957329,2,97.7454087390428
9047,36.2457969522622,"Male",733.229233312187,11,762.217939572574
9048,32.9334187813233,"Female",690.185781202644,0,0
9049,32.3147285736941,"Male",735.846157653915,4,124.082700070743
9050,40.7911403521289,"Female",823.564496700074,0,0
9051,39.5859450171556,"Male",689.943156950879,0,0
9052,40.9515050582725,"Female",692.435790287532,117,2795.66192761171
9053,38.0338656060687,"Male",721.281621199668,0,0
9054,42.3328874056756,"Male",791.139499212628,125,3606.89594007048
9055,41.0179376114015,"Male",761.855169009389,1,51.6287353144009
9056,41.9081865913106,"Female",750.947104196614,116,2879.7034920737
9057,41.4717289647041,"Male",823.00265828159,232,6256.52598666235
9058,49.6332001866204,"Female",755.467550650454,0,0
9059,30.6147577145685,"Female",804.270367447844,2,39.3317342512646
9060,48.55827280746,"Female",690.144994909268,70,1722.59622873647
9061,35.6605394034145,"Female",741.034679644946,1,23.2784336836576
9062,37.5451347932709,"Male",777.850077645815,1,19.7860570574901
9063,38.5675707709938,"Female",792.635583694381,34,1189.17749424614
9064,34.8624964312281,"Female",651.970582109068,14,412.006974049484
9065,20.1233513481382,"Female",649.052387967309,1,27.5489100418823
9066,35.8094722541669,"Female",630.824637963655,11,656.156673045818
9067,38.2896820642821,"Female",722.915966677266,147,4026.23455469102
9068,25.8359035706367,"Female",672.494135690237,0,0
9069,41.8495776178887,"Male",794.922319372121,35,584.54415219237
9070,33.8190841518467,"Male",742.228313817663,4,190.542691853527
9071,48.1341926422558,"Female",749.596761969153,0,0
9072,39.8540767998498,"Male",807.673317361827,0,0
9073,32.4785203455227,"Female",710.220737950631,3,125.775692550588
9074,39.1741255447007,"Female",803.308770411326,5,203.357757613947
9075,39.8030817574088,"Male",772.739783594482,10,241.08586341179
9076,44.3843315721522,"Male",786.221183516096,85,5150.95494479145
9077,36.9018933221159,"Male",776.041698595395,6,162.437875215923
9078,23.7663700408704,"Female",660.269137157892,0,0
9079,28.90233923845,"Male",636.128203374018,0,0
9080,31.9992453804968,"Male",756.50995048609,0,0
9081,40.9838570617533,"Female",677.901671023092,3,126.727251499774
9082,36.0061461584067,"Female",682.83784838579,51,1358.84218589333
9083,33.699420206211,"Female",710.161087386191,9,369.385326776198
9084,32.0857641748976,"Male",744.486692383739,0,0
9085,39.0758647005321,"Female",767.690413690175,0,0
9086,32.0399740695527,"Male",624.318878769275,2,72.5374179525305
9087,35.2145524893998,"Female",737.850987951603,29,680.788393008512
9088,31.4201594160333,"Female",625.692386556855,14,689.627379287881
9089,28.2822238100641,"Female",817.377184902782,2,26.8362184552663
9090,44.6862921220438,"Female",706.908433676494,1,29.5030039795394
9091,28.7775317097733,"Female",790.67706793913,65,2354.25022813769
9092,38.5112040231174,"Female",718.593015747684,0,0
9093,34.0226990600214,"Female",753.103776756172,0,0
9094,30.5908453185132,"Female",671.63648161267,4,87.3693501854971
9095,39.8151947689195,"Female",745.275278466201,0,0
9096,40.6119415316341,"Female",772.239194199391,24,1045.65674747543
9097,46.852667384989,"Female",836.955093927736,0,0
9098,40.2765749724779,"Male",709.475925221539,0,0
9099,37.0307287634419,"Female",652.878848991376,243,5259.83761971377
9100,56.2172822809586,"Female",727.372746901706,110,4753.73076639565
9101,33.4480090005846,"Male",726.64238525746,0,0
9102,30.9777174018065,"Female",725.89969325865,81,3176.94424911797
9103,34.2542026098787,"Male",708.99828238801,192,4611.4348962142
9104,37.2270980325625,"Female",734.169654873169,1,44.0533621196657
9105,42.203011185195,"Female",731.074147308048,0,0
9106,40.9109154171908,"Female",721.660973857559,7,288.387626459744
9107,37.2597454732611,"Female",844.089626175427,1,38.5556137271311
9108,32.0040622322771,"Male",720.345055346456,0,0
9109,45.8912913402551,"Male",818.849567794543,0,0
9110,44.4139713501392,"Female",884.153555046003,4,141.960081379453
9111,32.9293428509295,"Female",652.518979690092,0,0
9112,42.8074536130232,"Female",741.534419730337,28,1201.27528579666
9113,41.1506005415123,"Male",743.318352399267,20,917.711276240826
9114,45.3165512427353,"Female",816.245126237425,0,0
9115,39.0474032410621,"Female",720.719755938285,0,0
9116,30.0125299275951,"Female",725.751868148264,0,0
9117,43.6174958169376,"Male",759.925750136015,0,0
9118,32.8989842832139,"Female",737.436157451481,0,0
9119,41.6904650000994,"Male",712.945135116169,1,47.0546669786166
9120,49.7143514054862,"Female",897.915720148704,0,0
9121,28.0682038581042,"Female",647.1700859632,0,0
9122,48.9333756081823,"Female",751.312770674256,3,104.404668787144
9123,47.4721270624265,"Male",783.228533546905,66,1952.31129869044
9124,34.2991225631591,"Female",744.473896224502,22,380.426107907171
9125,36.2410905716451,"Male",670.26642641323,32,1011.85809486442
9126,33.1990661959525,"Female",712.088579019212,0,0
9127,34.0074264342212,"Male",652.066173400346,0,0
9128,42.0574196708231,"Male",792.039219696622,7,221.825196096232
9129,31.7072869632352,"Female",669.140583605962,3,91.1893175163421
9130,36.6676907846105,"Female",673.69339427195,211,4993.4630391145
9131,36.9926763585748,"Female",730.686277132654,0,0
9132,37.3239914409871,"Female",669.16532524391,0,0
9133,39.2701270100565,"Male",748.44995473144,0,0
9134,49.1760194643042,"Male",739.747076919429,0,0
9135,34.8406778207458,"Female",693.106529010064,8,199.078874902011
9136,32.4358384263943,"Male",637.557442608982,108,2956.38692600797
9137,43.545990447566,"Female",626.81544661657,191,7771.09302650546
9138,40.6633060983272,"Female",797.504688882324,1,39.9471707492827
9139,39.6505158809472,"Female",826.977427371643,0,0
9140,42.1369178446429,"Female",809.235740858876,8,317.025135228797
9141,28.1164885854478,"Female",700.272770855361,1,29.873244788009
9142,45.4430705460378,"Female",763.692790871291,0,0
9143,41.1774251522831,"Female",761.262153433968,11,332.928763090688
9144,44.6591908391385,"Male",737.120517349364,0,0
9145,33.8103760061894,"Female",746.063825601392,0,0
9146,25.106419647577,"Female",736.812598621925,26,463.772782224943
9147,34.6078732679645,"Male",771.204196784054,46,1057.21109682589
9148,31.6520722948362,"Female",773.22765860781,107,1740.48080202068
9149,53.5593371318306,"Female",759.61969308097,115,3100.39691568185
9150,35.1057339653667,"Female",742.04733971795,15,693.24881848519
9151,36.4902830730675,"Male",724.159716470544,16,786.68612121818
9152,45.4408496404981,"Female",691.968224610587,2,110.078177874663
9153,42.3424256860617,"Female",701.624284055687,10,422.171517584554
9154,42.711466563153,"Female",733.937612255509,3,131.81419452906
9155,56.4359669406383,"Male",802.637523741874,488,10018.0599445962
9156,39.1628007907108,"Female",798.704367819996,0,0
9157,51.3362287627398,"Male",815.084962629506,29,1603.22555284948
9158,39.7760288091916,"Male",676.939746814474,31,788.49662191763
9159,27.7868462292199,"Male",733.424289380578,1,39.9215450174271
9160,22.4092623110375,"Female",641.79017612666,5,133.794429987144
9161,42.5477848581741,"Female",792.660598961887,1,28.533011489738
9162,31.0052509466201,"Male",665.322177142556,0,0
9163,38.2938066857342,"Male",672.836834336557,0,0
9164,50.4393059002803,"Female",775.395422490927,0,0
9165,40.4302787413604,"Female",700.636990651593,131,4770.4849468664
9166,35.9903178769515,"Male",781.210186570945,1,36.7999405099496
9167,24.5279634352362,"Female",641.132929380911,0,0
9168,32.3954562346206,"Female",742.986834962232,28,887.249156578931
9169,33.9706742049136,"Female",771.199371835659,69,3654.57493058287
9170,42.7894401286925,"Female",730.785471486975,13,436.746203420534
9171,41.38420143332,"Female",766.740065723547,17,601.130666643357
9172,38.0977438609517,"Male",704.614622646308,21,1234.36072881215
9173,39.2617061423758,"Female",680.960355014522,6,152.960499749467
9174,35.9831372618405,"Male",611.200822721931,49,1137.36998993992
9175,38.2115905602316,"Female",688.304908699151,1,52.1789554662992
9176,39.9017187597064,"Female",759.463736353766,2,182.130409781043
9177,41.144108991894,"Female",747.140897003152,1,34.7841910340846
9178,50.7933936090127,"Female",719.555514146886,0,0
9179,30.2158340238133,"Male",706.76977689552,61,1483.24348750424
9180,48.323652021086,"Male",644.16944395693,0,0
9181,42.7005872210107,"Male",788.577755587168,0,0
9182,27.182700193999,"Female",658.060607917285,117,2484.93450192818
9183,36.0606694040623,"Male",721.92813612001,0,0
9184,33.5945990561961,"Male",741.341378107815,257,18073.7268858387
9185,31.4689968386617,"Female",671.885225263647,2,34.9712115488442
9186,27.2347946104022,"Male",775.031937391627,2,93.6968567486072
9187,34.5412856528004,"Male",738.967784118887,3,163.992960266736
9188,34.9524798931086,"Female",746.341481319328,2,113.948368519834
9189,35.7351872660384,"Female",767.724415035515,19,658.600356325969
9190,23.5722046675867,"Male",736.77525955897,0,0
9191,41.0905178856688,"Female",770.511947816741,8,313.23855229014
9192,43.2244587259646,"Male",868.153127355545,49,1915.61724200088
9193,43.5275001167728,"Female",720.427787282373,9,300.06818130782
9194,43.3951835492768,"Male",828.227531985331,0,0
9195,39.4035442248126,"Female",670.518825275309,30,1107.42879229815
9196,48.2784502217443,"Female",739.435120611416,0,0
9197,31.8648116124147,"Female",691.678878216295,0,0
9198,29.4137671439522,"Female",663.332787320278,3,102.236179855732
9199,40.364865439822,"Female",746.508322506759,4,132.557542962658
9200,41.085768610779,"Female",775.751283962804,3,57.6591032386018
9201,32.7743848378426,"Female",677.299484876428,0,0
9202,38.2562428430235,"Female",752.756804956949,0,0
9203,40.2631673694213,"Male",772.455748530163,26,1039.00706652679
9204,40.6577322268111,"Male",746.86399262371,0,0
9205,44.1358954705675,"Female",712.348498614203,10,345.903504286651
9206,44.5337159129875,"Female",698.486490070596,0,0
9207,20.9983473412231,"Female",640.412191395052,4,189.537863317292
9208,50.0959581639482,"Male",796.258783144245,18,229.858638545486
9209,41.1920185239405,"Female",832.691836236608,0,0
9210,34.0074775797804,"Male",692.021082228532,0,0
9211,30.1976291847542,"Female",784.194328490367,126,3520.00751668013
9212,44.3354498589473,"Male",701.128993972624,0,0
9213,40.2966721083889,"Female",712.317549135732,24,1481.97536178567
9214,45.5466297203348,"Female",752.800433639259,192,11266.2161353655
9215,37.5777911240825,"Male",711.234754348536,0,0
9216,36.2953686662581,"Female",737.803363578251,0,0
9217,53.6899579248179,"Female",822.815940832807,0,0
9218,23.7480492040092,"Female",743.576685453787,4,162.809267767033
9219,40.7364012555799,"Female",780.334005654596,0,0
9220,40.6936934002976,"Female",666.805146435907,17,793.552062137531
9221,41.0708691967898,"Female",713.677137012272,0,0
9222,41.906986314326,"Female",728.051738038582,18,486.830031577293
9223,36.0651553191579,"Female",762.859361538281,70,3166.54669539409
9224,46.1640165528756,"Female",680.198410410001,0,0
9225,20.8200593554383,"Female",648.565311723763,323,16465.3212259164
9226,32.361036183818,"Male",750.343908472006,6,231.518306748931
9227,37.1659881456598,"Female",779.260216527329,0,0
9228,39.1425136389716,"Female",751.977764450599,0,0
9229,40.8453565543404,"Female",826.76226889211,36,1208.63051852269
9230,42.4753799695102,"Male",626.717896804584,0,0
9231,27.4403765383935,"Female",713.816011296208,1,18.2420487492241
9232,38.0536942307792,"Female",730.758853735608,24,1187.44115422805
9233,41.6691761540027,"Female",694.920775763389,0,0
9234,47.2843511009955,"Male",733.852280148418,12,869.905139416774
9235,37.205025858972,"Female",743.643478936096,45,3019.21043504146
9236,49.194046348778,"Female",828.279214772277,0,0
9237,36.0293033075028,"Female",740.70583418071,0,0
9238,37.6507130276265,"Male",765.572844317499,0,0
9239,39.1214988912479,"Female",690.919864425742,0,0
9240,34.4833360631627,"Female",701.215310644157,18,614.787560194136
9241,43.0115663414333,"Female",747.067589753112,315,6771.05205550737
9242,28.5794888778575,"Female",712.892469491583,0,0
9243,37.960495042885,"Female",760.341484072496,0,0
9244,34.2162021518233,"Female",713.37068203957,8,380.474993853051
9245,34.1704838140522,"Male",760.845204373219,3,146.007659068111
9246,46.060117709311,"Female",771.396503927038,114,5084.74469404211
9247,45.3655377736214,"Female",688.305499504424,5,250.590812489637
9248,49.1861857009186,"Male",785.51213451884,0,0
9249,36.1534224482408,"Female",643.047625372406,37,2425.78166560935
9250,38.2268055128284,"Male",702.884002670724,0,0
9251,27.1389168461986,"Female",715.938417946549,0,0
9252,35.2827439898283,"Female",660.658520333996,3,77.8260150914673
9253,50.3490368552609,"Male",765.342080599399,2,36.0154520564836
9254,35.084305907054,"Female",720.604813469974,0,0
9255,29.8356291784743,"Male",703.378856213054,1,24.7779225906279
9256,38.2932619632957,"Female",690.714247323964,4,48.4577456860876
9257,46.7254239118168,"Female",790.184745205516,59,2279.91496354485
9258,26.9542008705416,"Female",736.719320893272,0,0
9259,36.2232566974763,"Female",709.126030968712,64,3241.54464105731
9260,41.2748137943543,"Female",765.219067237373,31,706.520547864331
9261,51.8427099611909,"Female",733.672868168758,6,176.881231437005
9262,33.6907594360946,"Male",722.200271684959,15,1005.64810448829
9263,48.6359512084777,"Female",803.910895999718,1,41.7315047370921
9264,34.9697336450673,"Female",737.194867539607,24,696.204834927104
9265,30.782876043568,"Female",719.418195473288,0,0
9266,30.059658511741,"Male",777.207841818963,4,148.442418863708
9267,36.4523131223573,"Female",691.90165749627,6,145.798603258917
9268,37.8430971076724,"Male",772.358518201491,8,185.479508828933
9269,35.7396872038322,"Female",738.628141952982,0,0
9270,45.3655621180788,"Male",719.276661885259,3,140.672246033249
9271,39.3267881598664,"Female",734.4589904228,0,0
9272,37.2592067379389,"Male",712.97129072646,0,0
9273,33.782118692271,"Female",754.507509505912,0,0
9274,28.9278884811657,"Male",727.3184596405,8,328.398978649823
9275,24.2847135290541,"Female",601.261689911277,34,1552.09307600312
9276,39.4938821136482,"Male",820.90283740908,60,1037.14690697815
9277,38.1773510907787,"Male",627.886156550021,0,0
9278,47.5551623150196,"Female",797.015795285477,0,0
9279,40.037656657714,"Male",702.674887639882,0,0
9280,43.5805239078826,"Female",804.197209689915,2,59.1814215835439
9281,38.2869046206296,"Female",754.702180356125,6,164.791604109922
9282,32.2717316526188,"Male",786.082857918505,0,0
9283,40.027484502151,"Female",731.178447584608,0,0
9284,40.3785097791078,"Female",619.641495711766,0,0
9285,32.278250884656,"Female",705.234154801013,4,100.867126801822
9286,37.7987547934034,"Male",738.693122476474,0,0
9287,52.005471557784,"Female",836.89490387254,142,2731.76073640142
9288,30.0951375570076,"Female",651.697232699137,123,2910.85390738432
9289,48.3052501444881,"Male",751.591959238711,12,570.111971574807
9290,36.4105175846057,"Female",706.497274974949,33,526.845302565028
9291,48.3761741736941,"Male",840.375130928451,0,0
9292,32.098627778589,"Female",635.168966329366,0,0
9293,37.5366327078087,"Female",785.562647027228,0,0
9294,40.178634488505,"Male",798.384905236977,43,2123.72370853028
9295,37.2118684018761,"Male",725.937662255663,11,319.993056180527
9296,42.6111718725985,"Female",790.593064123141,212,6341.74160692764
9297,36.8319694992336,"Male",756.052863107187,0,0
9298,46.462114256121,"Female",723.665393509722,0,0
9299,39.1929360371896,"Male",702.830228369833,115,4830.32461352203
9300,42.8469374537132,"Male",647.414823751266,26,845.999292732723
9301,29.7011714440885,"Male",788.176530416964,4,115.360181932529
9302,33.3912749651207,"Female",785.015484684613,0,0
9303,45.6265556415409,"Female",820.397393793265,8,264.991635659034
9304,41.5615015881246,"Female",743.880611371683,51,2895.5807916542
9305,37.048653620797,"Female",702.057813192481,0,0
9306,37.2385208413017,"Female",649.036789216581,20,698.944931313246
9307,43.2843011231825,"Male",721.132464758381,0,0
9308,36.4333207486602,"Male",683.918857850376,16,550.653258083858
9309,38.5246861965795,"Male",667.297080269476,39,1406.52602152433
9310,26.47831638495,"Female",714.84994549633,30,1441.34571323325
9311,50.4180655560852,"Male",747.622821547132,0,0
9312,43.361775411836,"Male",772.396438018893,2,48.6231240626546
9313,43.8260149010753,"Female",712.72015616065,1,51.036840622152
9314,24.6617973426882,"Male",797.019772903971,0,0
9315,37.8541432666391,"Female",862.832248476026,4,325.020385408076
9316,35.1374626128625,"Female",800.402707993102,7,129.298063178339
9317,28.3652958539624,"Male",700.086257172455,0,0
9318,43.0920126207528,"Female",781.635328595435,57,3617.80019032971
9319,46.6389154686597,"Male",689.68725816517,1,15.8315916922465
9320,34.1274291588577,"Male",655.676405088143,63,1077.56272380652
9321,36.3956687544989,"Male",706.850539010862,0,0
9322,49.9802339224559,"Female",854.471694798253,0,0
9323,26.4513446769209,"Female",688.185776745948,0,0
9324,43.2095454980647,"Male",795.80056203439,0,0
9325,35.8018507321336,"Female",724.929267504228,0,0
9326,37.1928241101688,"Female",714.233928116296,0,0
9327,33.723179600595,"Female",731.132134782414,0,0
9328,45.6768676531333,"Female",750.414213706806,1,40.5307371252683
9329,30.1098267224137,"Female",783.041066302188,18,310.007576345004
9330,44.7382664470681,"Male",688.182840673691,5,225.935316162162
9331,47.8452481136232,"Female",768.996102514747,41,692.406775145632
9332,26.5084534377021,"Female",698.251749417056,0,0
9333,30.1116706521554,"Female",703.577132409949,326,7660.38581987005
9334,42.140818363517,"Female",714.396189383989,0,0
9335,31.3058361634585,"Female",749.791636277452,50,2922.72931905027
9336,33.1592907955752,"Female",645.632381735689,0,0
9337,34.8825306285405,"Male",762.352831793781,0,0
9338,35.588610401714,"Female",617.275372461441,6,173.349208300761
9339,42.9258872967229,"Male",826.432654275771,23,592.46648614411
9340,33.7789596464402,"Female",756.439978888076,0,0
9341,38.6254528869028,"Female",738.45254928747,1,32.953447790897
9342,43.1624624605393,"Male",628.088701883677,6,273.014737921959
9343,27.2173438879976,"Female",697.348495041317,4,153.085801568964
9344,33.1725739514583,"Female",682.599849566429,114,7041.76819384688
9345,44.018554221466,"Female",810.441863982028,238,7822.90839184843
9346,35.3643618152696,"Female",644.460604633163,9,253.336199682022
9347,20.2544157078634,"Female",600.106789336542,6,213.342235371687
9348,31.9953353996795,"Female",704.753038609631,1,27.633837413651
9349,43.7121848484831,"Male",748.378147028152,0,0
9350,35.0138776354196,"Female",693.67333506005,3,90.3734372524186
9351,35.1675421197082,"Female",716.285157338486,33,1149.0715013562
9352,36.9796154301627,"Male",717.786613244608,0,0
9353,43.0362645764716,"Male",722.826481666831,2,72.6184733764517
9354,34.5623647344647,"Female",689.925719316488,1,56.2204979722281
9355,41.3317090689295,"Female",736.155696973503,1,14.7668747433629
9356,42.0120756763687,"Female",794.498364113573,0,0
9357,30.8679829559905,"Female",805.767255443086,87,2905.53581944011
9358,37.5668943589454,"Female",783.643557518774,86,1925.09440291547
9359,34.2318642887688,"Female",724.980183947631,0,0
9360,40.9186830827754,"Female",682.666465624438,120,3713.40452138673
9361,27.4420634070883,"Female",747.793897982812,45,1795.88178951049
9362,48.7741894943723,"Male",839.420479508125,11,375.136101694487
9363,47.422126620172,"Male",753.035042162931,0,0
9364,32.1000095574893,"Female",706.791615253344,0,0
9365,33.3108804053464,"Female",782.097381349183,2,74.2232271112346
9366,31.6405878629771,"Female",724.201138498089,1,31.3348398200552
9367,37.0442155074161,"Female",844.683760486612,0,0
9368,34.4927342569612,"Female",720.900456776424,77,3702.17577721497
9369,38.7884691277148,"Female",655.587965923352,0,0
9370,24.8734770583401,"Female",747.518223172382,0,0
9371,39.1098270012082,"Female",755.424218812723,7,289.491094495283
9372,38.108938698848,"Male",721.032980809018,0,0
9373,26.7957757711791,"Male",637.598257226769,3,134.310571706582
9374,39.9318116241897,"Female",783.619643231183,0,0
9375,38.3846684790964,"Female",764.785738781813,0,0
9376,36.3859865171192,"Female",742.734243595147,4,74.7202937247241
9377,37.9074859657728,"Female",811.386131456142,139,2677.06296759287
9378,40.6946443721563,"Male",688.893589299442,10,218.889608716999
9379,40.4270660190087,"Male",751.622322924363,35,1724.72483745759
9380,34.9787106759496,"Male",712.489469245071,10,694.85399276106
9381,46.0512462753009,"Female",783.923172521841,64,2142.24411528021
9382,37.7442746497848,"Female",755.372114952375,57,1289.69501697727
9383,37.049390047844,"Female",725.292339212332,74,1573.27964033532
9384,44.6123263195117,"Female",678.944905321436,5,234.747642819756
9385,44.9442895316904,"Female",757.192898893547,0,0
9386,33.0953117152177,"Female",793.298828526123,126,4735.77718899095
9387,31.0625892971578,"Female",614.960019766816,62,859.69513685101
9388,33.0606736313883,"Female",692.254239558361,146,2088.69298481666
9389,29.7695687467025,"Male",734.448035882705,0,0
9390,25.5316213378178,"Female",641.929225290756,0,0
9391,40.1742526528687,"Female",689.221452437009,110,3593.52665079371
9392,36.984227473354,"Female",680.350875236762,0,0
9393,42.4978482758472,"Female",708.361835979654,1,36.1406869535074
9394,37.9883844638909,"Female",751.943293994535,13,239.005897200786
9395,40.8641407345415,"Female",842.523433149392,325,17624.430889787
9396,34.527592968829,"Female",751.279518927754,10,552.943967473989
9397,31.2792442876918,"Female",673.42256541655,0,0
9398,43.446925571993,"Female",722.489852825312,37,694.936560868105
9399,43.3278443142949,"Female",695.703356403513,79,1875.18282200002
9400,25.8640147128174,"Male",661.602343255586,144,12114.4231913058
9401,44.1410625627873,"Female",717.79484552499,40,633.459169466517
9402,25.5863999274641,"Male",767.434435009848,0,0
9403,37.6801887298219,"Female",765.088675645625,0,0
9404,35.235894222111,"Male",639.831647350508,73,2715.27162963601
9405,37.1036061350529,"Female",772.620248145276,89,3314.82805606976
9406,45.6736641232063,"Female",821.059757792908,1,23.7678669749537
9407,29.2134749756607,"Female",696.073214698451,0,0
9408,36.1416141375907,"Male",796.366216471116,61,1130.01506930998
9409,55.8731174302818,"Male",804.681305016953,159,4230.41305655671
9410,27.6518558583464,"Female",735.067376637247,105,3178.55993507609
9411,33.6138870223849,"Female",704.781125174032,2,46.3439238315373
9412,37.7126358436103,"Female",805.147690598348,5,235.761514257677
9413,39.3996725388271,"Male",740.885723676637,1,32.7050397530639
9414,34.2668607963084,"Female",709.314904234978,0,0
9415,36.1377737762119,"Male",751.751134767512,1,35.0295050810317
9416,45.5890346988307,"Female",751.231535490016,7,197.154587854914
9417,36.7347816426247,"Female",717.40107386642,0,0
9418,39.7608872356476,"Female",775.587271243971,24,1784.77090120923
9419,40.5867956460842,"Female",731.711285824856,0,0
9420,40.8492398157284,"Female",721.41412138661,0,0
9421,41.4475351347205,"Female",717.234117620234,0,0
9422,38.3824280533662,"Male",665.638388888042,33,1793.71353454521
9423,33.0392814668666,"Female",799.474614928878,14,491.166822534817
9424,37.5921047328952,"Female",700.134404652563,0,0
9425,31.2560472443375,"Female",694.749716268296,83,3039.60111616425
9426,38.6537530762411,"Female",740.298411056205,6,162.702661389422
9427,35.5646920657862,"Male",694.241177981731,64,2747.72402772127
9428,37.1716589329812,"Female",630.69044140529,40,728.951999338857
9429,30.3063632997756,"Male",733.347959336659,0,0
9430,36.0184651130444,"Female",754.224803298741,441,8970.14664121113
9431,30.3718572900807,"Female",698.809459886958,0,0
9432,35.160341191301,"Female",698.253738214727,32,1208.4904627072
9433,41.6883508171843,"Female",704.880901714414,0,0
9434,39.6829398724285,"Male",836.772372140976,5,160.734830862421
9435,44.2885372007456,"Female",738.021239457469,10,294.957926347654
9436,41.4157768885483,"Male",742.477096305144,0,0
9437,38.7839395563828,"Female",741.711304392576,0,0
9438,44.9881934299535,"Male",743.433553712609,0,0
9439,46.3420176612739,"Female",878.529555013605,39,1519.53842335738
9440,28.204287030134,"Female",704.031243903767,0,0
9441,44.2450341565274,"Male",698.282132136653,0,0
9442,43.4457127923856,"Female",766.025597535711,6,110.568631923641
9443,44.5934016144287,"Female",808.566275011387,256,5811.00266667743
9444,31.6383810138923,"Female",663.970412959081,2,36.0704965161088
9445,54.8625159113335,"Male",868.131304785903,0,0
9446,19.8402487798434,"Female",693.279919875451,23,357.425050572415
9447,38.0480412625987,"Male",725.050803801426,0,0
9448,38.8267466824984,"Female",779.848011583598,37,1524.33358778192
9449,36.9521187151294,"Female",660.716510833591,87,1481.18421598326
9450,43.2351130150422,"Female",823.82040966041,12,614.081062500142
9451,38.8682436482918,"Male",707.014927511757,8,287.280283559318
9452,32.5536167695114,"Female",673.410762634815,2,118.603531840129
9453,47.8702331384455,"Female",737.238871482362,21,674.245046494829
9454,35.942617342391,"Male",729.379722291182,3,112.041645438092
9455,42.2747505150376,"Male",699.498477377934,0,0
9456,33.3344294409572,"Female",595.05477356053,0,0
9457,30.5808198521065,"Female",719.02803610652,2,72.7235457925815
9458,33.7591291058638,"Male",764.212556989462,0,0
9459,30.6021100540211,"Male",701.309416017917,59,1591.35673172293
9460,41.7317453087247,"Male",765.136436972457,0,0
9461,27.135351697468,"Female",739.462441902283,1,64.8817261196914
9462,31.15057374284,"Female",665.181389637436,10,382.607473350859
9463,38.1905284861198,"Female",819.784261444043,205,8858.79401942859
9464,25.9909937810204,"Male",657.182389260322,1,28.3447411510384
9465,34.465783814551,"Female",725.922510680067,0,0
9466,35.865541233577,"Female",818.513359287174,18,781.376249540754
9467,47.4225476479866,"Female",773.954548281124,2,61.1211485604323
9468,36.1972431644231,"Male",727.152241034562,2,74.331473238126
9469,34.3369888953917,"Male",666.24306696414,0,0
9470,33.3574754071916,"Male",662.203535675158,44,2098.96778434519
9471,41.1305472778486,"Female",716.024596526635,0,0
9472,35.7638431265179,"Female",705.612893583415,123,5253.94513996688
9473,34.1935480504416,"Female",805.704940843016,56,3446.7569112954
9474,36.0422859025804,"Female",699.970315135767,167,12117.7133353913
9475,45.4566282025685,"Female",699.092272355387,0,0
9476,48.9748012440193,"Female",802.38896997652,13,332.097132758435
9477,33.4982154472902,"Female",728.506380986075,32,1296.46963703753
9478,38.1436522395748,"Female",740.098586409299,0,0
9479,35.7307087913716,"Female",801.952801678289,0,0
9480,51.0017721552276,"Male",824.16714776874,63,4666.70758827911
9481,42.1353479654834,"Male",805.129124922458,2,144.399582037449
9482,25.5356129782252,"Male",684.381651088136,14,615.712848648848
9483,34.9612391029728,"Female",716.537110758629,0,0
9484,21.9507520180579,"Male",681.646480846864,0,0
9485,37.3492433308392,"Female",690.722816076481,160,5366.42205000071
9486,42.927751173308,"Female",689.30841127689,1,47.9185252570686
9487,31.7385726512026,"Female",734.883311002657,7,383.436610179313
9488,29.0224524554777,"Female",698.028175208793,0,0
9489,46.7904892190533,"Female",760.480887721829,88,1696.20336293993
9490,31.2475901428814,"Male",772.881134814837,0,0
9491,44.3544871674486,"Female",718.622209566094,0,0
9492,39.4985152956842,"Female",836.675979771398,0,0
9493,44.1671618592428,"Female",730.405964431449,2,96.1313070850949
9494,45.0178149879794,"Female",794.103842467128,34,641.87372802713
9495,45.9793735319743,"Male",701.219746490996,1,56.12882461576
9496,46.6522509661543,"Female",773.60882237191,5,145.71729161582
9497,40.0678105709987,"Female",702.018103793499,0,0
9498,39.2023271652382,"Male",700.726582296251,0,0
9499,31.3122750211319,"Female",651.108018017076,21,1140.62153170023
9500,29.5271361526029,"Female",707.727913677761,0,0
